-- MySQL dump 10.13  Distrib 8.0.13, for Win64 (x86_64)
--
-- Host: 127.0.0.1    Database: library_project
-- ------------------------------------------------------
-- Server version	8.0.13

/*!40101 SET @OLD_CHARACTER_SET_CLIENT=@@CHARACTER_SET_CLIENT */;
/*!40101 SET @OLD_CHARACTER_SET_RESULTS=@@CHARACTER_SET_RESULTS */;
/*!40101 SET @OLD_COLLATION_CONNECTION=@@COLLATION_CONNECTION */;
 SET NAMES utf8 ;
/*!40103 SET @OLD_TIME_ZONE=@@TIME_ZONE */;
/*!40103 SET TIME_ZONE='+00:00' */;
/*!40014 SET @OLD_UNIQUE_CHECKS=@@UNIQUE_CHECKS, UNIQUE_CHECKS=0 */;
/*!40014 SET @OLD_FOREIGN_KEY_CHECKS=@@FOREIGN_KEY_CHECKS, FOREIGN_KEY_CHECKS=0 */;
/*!40101 SET @OLD_SQL_MODE=@@SQL_MODE, SQL_MODE='NO_AUTO_VALUE_ON_ZERO' */;
/*!40111 SET @OLD_SQL_NOTES=@@SQL_NOTES, SQL_NOTES=0 */;

--
-- Table structure for table `book`
--

DROP TABLE IF EXISTS `book`;
/*!40101 SET @saved_cs_client     = @@character_set_client */;
 SET character_set_client = utf8mb4 ;
CREATE TABLE `book` (
  `book_id` int(11) NOT NULL AUTO_INCREMENT,
  `title` varchar(255) NOT NULL,
  `category` varchar(145) NOT NULL,
  `author` varchar(255) NOT NULL,
  PRIMARY KEY (`book_id`)
) ENGINE=InnoDB AUTO_INCREMENT=149 DEFAULT CHARSET=utf8;
/*!40101 SET character_set_client = @saved_cs_client */;

--
-- Dumping data for table `book`
--

LOCK TABLES `book` WRITE;
/*!40000 ALTER TABLE `book` DISABLE KEYS */;
INSERT INTO `book` VALUES (1,'A 22-es csapdája','történelem','Heller  Joseph'),(2,'A Da Vinci-kód','krimi','Brown  Dan'),(3,'A Diadalív árnyékában','történelem','Remarque  Erich Maria'),(4,'A dzsungel könyve','gyermek','Kipling  Rudyard'),(5,'A Gyűrűk Ura','fantasy','Tolkien  John Ronald Reuel'),(6,'A három testőr','történelem','Dumas  Alexandre'),(7,'A Karamazov testvérek','történelem','Dosztojevszkij  Fjodor Mihajlovics'),(8,'A katedrális','történelem','Follett  Ken'),(9,'A két Lotti','gyermek','Kästner  Erich'),(10,'A kis herceg','ifjúsági','Saint-Exupéry  Antoine de'),(11,'A legyek ura','ifjúsági','Golding  William'),(12,'A lét elviselhetetlen könnyűsége','egyéb','Kundera  Milan'),(13,'A Mester és Margarita','egyéb','Bulgakov  Mihail Afanaszjevics'),(14,'A neveletlen hercegnő naplója','gyermek','Cabot  Meg'),(15,'A nyomorultak','történelem','Hugo  Victor'),(16,'A ragyogás','krimi','King  Stephen'),(17,'A rózsa neve','krimi','Eco  Umberto'),(18,'A sziget','kaland','Merle  Robert'),(19,'A vadon szava','ifjúsági','London  Jack'),(20,'A varázshegy','egyéb','Mann  Thomas'),(21,'A végtelen történet','ifjúsági','Ende  Michael'),(22,'Akiért a harang szól','egyéb','Hemingway  Ernest'),(23,'Állatfarm','kaland','Orwell  George'),(24,'Anna Karenina','történelem','Tolsztoj  Lev Nyikolajevics'),(25,'Az Alapítvány és Birodalom','scifi','Asimov  Isaac'),(26,'Az alkimista','egyéb','Coelho  Paulo'),(27,'Az elátkozott királyok','egyéb','Druon  Maurice'),(28,'Az öreg halász és a tenger','egyéb','Hemingway  Ernest'),(29,'Bambi','gyermek','Salten  Felix'),(30,'Búcsú a fegyverektől','történelem','Hemingway  Ernest'),(31,'Bűn és bűnhődés','egyéb','Dosztojevszkij  Fjodor Mihajlovics'),(32,'Büszkeség és balítélet','egyéb','Austen  Jane'),(33,'Családom és egyéb állatfajták','ifjúsági','Durrell  Gerald'),(34,'Csendes Don','egyéb','Solohov  Mihail Alekszandrovics'),(35,'Édentől keletre','egyéb','Steinbeck  John'),(36,'Elfújta a szél','egyéb','Mitchell  Margaret'),(37,'Emil és a detektívek','ifjúsági','Kästner  Erich'),(38,'Exodus','egyéb','Uris  Leon'),(39,'Galaxis útikalauz stopposoknak','scifi','Adams  Douglas'),(40,'Goriot apó','egyéb','Balzac  Honoré de'),(41,'Háború és béke','történelem','Tolsztoj  Lev Nyikolajevics'),(42,'Harry Potter és a Bölcsek Köve','fantasy','Rowling  Joanne Kathleen'),(43,'Harry Potter és a Főnix Rendje','fantasy','Rowling  Joanne Kathleen'),(44,'Harry Potter és a Titkok Kamrája','fantasy','Rowling  Joanne Kathleen'),(45,'Jane Eyre','egyéb','Brontë  Charlotte'),(46,'József és testvérei','történelem','Mann  Thomas'),(47,'Koldus és királyfi','gyermek','Twain  Mark'),(48,'Lassie hazatér','gyermek','Knight  Eric'),(49,'Légy hű magadhoz','történelem','Knight  Eric'),(50,'Malevil','egyéb','Merle  Robert'),(51,'Mesterségem a halál','történelem','Merle  Robert'),(52,'Micimackó','gyermek','Milne  Alan Alexander'),(53,'Monte Cristo grófja','ifjúsági','Dumas  Alexandre'),(54,'Most és mindörökké','egyéb','Jones  James'),(55,'Nemo kapitány','ifjúsági','Verne  Jules'),(56,'Oroszlánkölykök','történelem','Shaw  Irwin'),(57,'Pillangó','kaland','Charriere  Henri'),(58,'Quo vadis','történelem','Sienkiewicz  Henryk'),(59,'Réztábla a kapu alatt','egyéb','Cronin  Archibald Joseph'),(60,'Robinson Crusoe','ifjúsági','Defoe  Daniel'),(61,'Svejk','egyéb','Hasek  Jaroslav'),(62,'Száll a kakukk fészkére','krimi','Kesey  Ken'),(63,'Száz év magány','egyéb','García Márquez  Gabriel'),(64,'Szerelem a kolera idején','egyéb','García Márquez  Gabriel'),(65,'Szinuhe','egyéb','Waltari  Mika'),(66,'Tíz kicsi néger','krimi','Christie  Agatha'),(67,'Tom Sawyer kalandjai','gyermek','Twain  Mark'),(68,'Üvöltő szelek','egyéb','Brontë  Emily'),(69,'Védett férfiak','egyéb','Merle  Robert'),(70,'Virágot Algernonnak','egyéb','Keyes  Daniel'),(71,'Vörös és fekete','egyéb','Stendhal'),(72,'Winnetou','gyermek','May  Karl'),(73,'Zabhegyező','ifjúsági','Salinger  Jerome David'),(74,'A bengáli tűz','egyéb','G. Hajnóczy Rózsa'),(75,'A fekete város','történelem','Mikszáth Kálmán'),(76,'A feleségem története','egyéb','Füst Milán'),(77,'A funtineli boszorkány','egyéb','Wass Albert'),(78,'A gólyakalifa','egyéb','Babits Mihály'),(79,'A gyertyák csonkig égnek','egyéb','Márai Sándor'),(80,'A három testőr Afrikában','kaland','Rejtő Jenő'),(81,'A kicsik','egyéb','Lőrincz L. László'),(82,'A kőszívű ember fiai','ifjúsági','Jókai Mór'),(83,'A láthatatlan ember','történelem','Gárdonyi Géza'),(84,'A nap szerelmese','egyéb','Dallos Sándor'),(85,'A Négyszögletű Kerek Erdő','gyermek','Lázár Ervin'),(86,'A Pál utcai fiúk','ifjúsági','Molnár Ferenc'),(87,'A Pendragon legenda','egyéb','Szerb Antal'),(88,'A tizennégy karátos autó','kaland','Rejtő Jenő'),(89,'A vörös oroszlán','egyéb','Szepes Mária'),(90,'Ábel a rengetegben','egyéb','Tamási Áron'),(91,'Abigél','egyéb','Szabó Magda'),(92,'Adjátok vissza a hegyeimet!','egyéb','Wass Albert'),(93,'Állítsátok meg Terézanyut!','egyéb','Rácz Zsuzsa'),(94,'Anya csak egy van','egyéb','Vámos Miklós'),(95,'Apák könyve','egyéb','Vámos Miklós'),(96,'Aranyecset','egyéb','Dallos Sándor'),(97,'Aranykoporsó','egyéb','Móra Ferenc'),(98,'Árvácska','gyermek','Móricz Zsigmond'),(99,'Az ajtó','egyéb','Szabó Magda'),(100,'Az arany ember','egyéb','Jókai Mór'),(101,'Az ötödik pecsét','krimi','Sánta Ferenc'),(102,'Beszterce ostroma','történelem','Mikszáth Kálmán'),(103,'Bezzeg az én időmben','egyéb','Fehér Klára'),(104,'Bogáncs','gyermek','Fekete István'),(105,'Csontbrigád','kaland','Rejtő Jenő'),(106,'Édes Anna','egyéb','Kosztolányi Dezső'),(107,'Égető Eszter','egyéb','Németh László'),(108,'Egri csillagok','történelem','Gárdonyi Géza'),(109,'Egy magyar nábob','történelem','Jókai Mór'),(110,'Egy polgár vallomásai','egyéb','Márai Sándor'),(111,'Egymás szemében','egyéb','Szilvási Lajos'),(112,'Elvész a nyom','egyéb','Wass Albert'),(113,'Emlékiratok könyve','egyéb','Nádas Péter'),(114,'Erdély','történelem','Móricz Zsigmond'),(115,'Esőisten siratja Mexikót','egyéb','Passuth László'),(116,'Fekete gyémántok','kaland','Jókai Mór'),(117,'Für Elise','egyéb','Szabó Magda'),(118,'Gergő és az álomfogó','egyéb','Böszörményi Gyula'),(119,'Harmonia caelestis','egyéb','Esterházy Péter'),(120,'Ida regénye','egyéb','Gárdonyi Géza'),(121,'Indul a bakterház','egyéb','Rideg Sándor'),(122,'Iskola a határon','egyéb','Ottlik Géza'),(123,'Isten rabjai','egyéb','Gárdonyi Géza'),(124,'Iszony','egyéb','Németh László'),(125,'Jadviga párnája','egyéb','Závada Pál'),(126,'Kard és kasza','egyéb','Wass Albert'),(127,'Karnevál','egyéb','Hamvas Béla'),(128,'Kincskereső kisködmön','gyermek','Móra Ferenc'),(129,'Különös házasság','egyéb','Mikszáth Kálmán'),(130,'Légy jó mindhalálig','ifjúsági','Móricz Zsigmond'),(131,'Mesemaraton','egyéb','Vavyan Fable'),(132,'Ne féljetek','egyéb','Jókai Anna'),(133,'Pacsirta','egyéb','Kosztolányi Dezső'),(134,'Pete Pite','egyéb','Nógrádi Gábor'),(135,'Piszkos Fred  a kapitány','kaland','Rejtő Jenő'),(136,'Pokolbéli víg napjaim','egyéb','Faludy György'),(137,'Régimódi történet','egyéb','Szabó Magda'),(138,'Rokonok','egyéb','Móricz Zsigmond'),(139,'Sorstalanság','történelem','Kertész Imre'),(140,'Szent Péter esernyője','egyéb','Mikszáth Kálmán'),(141,'Téli berek','ifjúsági','Fekete István'),(142,'Titkok egy régi kertbe','egyéb','Kálnay Adél'),(143,'Tóték','egyéb','Örkény István'),(144,'Tüskevár','ifjúsági','Fekete István'),(145,'Utas és holdvilág','egyéb','Szerb Antal'),(146,'Utazás a koponyám körül','egyéb','Karinthy Frigyes');
/*!40000 ALTER TABLE `book` ENABLE KEYS */;
UNLOCK TABLES;

--
-- Table structure for table `inventory`
--

DROP TABLE IF EXISTS `inventory`;
/*!40101 SET @saved_cs_client     = @@character_set_client */;
 SET character_set_client = utf8mb4 ;
CREATE TABLE `inventory` (
  `inventory_id` int(11) NOT NULL AUTO_INCREMENT,
  `book_id` int(11) NOT NULL,
  PRIMARY KEY (`inventory_id`),
  KEY `fk_inventory_book_idx` (`book_id`),
  CONSTRAINT `fk_inventory_book` FOREIGN KEY (`book_id`) REFERENCES `book` (`book_id`)
) ENGINE=InnoDB AUTO_INCREMENT=585 DEFAULT CHARSET=utf8;
/*!40101 SET character_set_client = @saved_cs_client */;

--
-- Dumping data for table `inventory`
--

LOCK TABLES `inventory` WRITE;
/*!40000 ALTER TABLE `inventory` DISABLE KEYS */;
INSERT INTO `inventory` VALUES (1,1),(2,1),(3,1),(4,1),(5,2),(6,2),(7,2),(8,2),(9,3),(10,3),(11,3),(12,3),(13,4),(14,4),(15,4),(16,4),(17,5),(18,5),(19,5),(20,5),(21,6),(22,6),(23,6),(24,6),(25,7),(26,7),(27,7),(28,7),(29,8),(30,8),(31,8),(32,8),(33,9),(34,9),(35,9),(36,9),(37,10),(38,10),(39,10),(40,10),(41,11),(42,11),(43,11),(44,11),(45,12),(46,12),(47,12),(48,12),(49,13),(50,13),(51,13),(52,13),(53,14),(54,14),(55,14),(56,14),(57,15),(58,15),(59,15),(60,15),(61,16),(62,16),(63,16),(64,16),(65,17),(66,17),(67,17),(68,17),(69,18),(70,18),(71,18),(72,18),(73,19),(74,19),(75,19),(76,19),(77,20),(78,20),(79,20),(80,20),(81,21),(82,21),(83,21),(84,21),(85,22),(86,22),(87,22),(88,22),(89,23),(90,23),(91,23),(92,23),(93,24),(94,24),(95,24),(96,24),(97,25),(98,25),(99,25),(100,25),(101,26),(102,26),(103,26),(104,26),(105,27),(106,27),(107,27),(108,27),(109,28),(110,28),(111,28),(112,28),(113,29),(114,29),(115,29),(116,29),(117,30),(118,30),(119,30),(120,30),(121,31),(122,31),(123,31),(124,31),(125,32),(126,32),(127,32),(128,32),(129,33),(130,33),(131,33),(132,33),(133,34),(134,34),(135,34),(136,34),(137,35),(138,35),(139,35),(140,35),(141,36),(142,36),(143,36),(144,36),(145,37),(146,37),(147,37),(148,37),(149,38),(150,38),(151,38),(152,38),(153,39),(154,39),(155,39),(156,39),(157,40),(158,40),(159,40),(160,40),(161,41),(162,41),(163,41),(164,41),(165,42),(166,42),(167,42),(168,42),(169,43),(170,43),(171,43),(172,43),(173,44),(174,44),(175,44),(176,44),(177,45),(178,45),(179,45),(180,45),(181,46),(182,46),(183,46),(184,46),(185,47),(186,47),(187,47),(188,47),(189,48),(190,48),(191,48),(192,48),(193,49),(194,49),(195,49),(196,49),(197,50),(198,50),(199,50),(200,50),(201,51),(202,51),(203,51),(204,51),(205,52),(206,52),(207,52),(208,52),(209,53),(210,53),(211,53),(212,53),(213,54),(214,54),(215,54),(216,54),(217,55),(218,55),(219,55),(220,55),(221,56),(222,56),(223,56),(224,56),(225,57),(226,57),(227,57),(228,57),(229,58),(230,58),(231,58),(232,58),(233,59),(234,59),(235,59),(236,59),(237,60),(238,60),(239,60),(240,60),(241,61),(242,61),(243,61),(244,61),(245,62),(246,62),(247,62),(248,62),(249,63),(250,63),(251,63),(252,63),(253,64),(254,64),(255,64),(256,64),(257,65),(258,65),(259,65),(260,65),(261,66),(262,66),(263,66),(264,66),(265,67),(266,67),(267,67),(268,67),(269,68),(270,68),(271,68),(272,68),(273,69),(274,69),(275,69),(276,69),(277,70),(278,70),(279,70),(280,70),(281,71),(282,71),(283,71),(284,71),(285,72),(286,72),(287,72),(288,72),(289,73),(290,73),(291,73),(292,73),(293,74),(294,74),(295,74),(296,74),(297,75),(298,75),(299,75),(300,75),(301,76),(302,76),(303,76),(304,76),(305,77),(306,77),(307,77),(308,77),(309,78),(310,78),(311,78),(312,78),(313,79),(314,79),(315,79),(316,79),(317,80),(318,80),(319,80),(320,80),(321,81),(322,81),(323,81),(324,81),(325,82),(326,82),(327,82),(328,82),(329,83),(330,83),(331,83),(332,83),(333,84),(334,84),(335,84),(336,84),(337,85),(338,85),(339,85),(340,85),(341,86),(342,86),(343,86),(344,86),(345,87),(346,87),(347,87),(348,87),(349,88),(350,88),(351,88),(352,88),(353,89),(354,89),(355,89),(356,89),(357,90),(358,90),(359,90),(360,90),(361,91),(362,91),(363,91),(364,91),(365,92),(366,92),(367,92),(368,92),(369,93),(370,93),(371,93),(372,93),(373,94),(374,94),(375,94),(376,94),(377,95),(378,95),(379,95),(380,95),(381,96),(382,96),(383,96),(384,96),(385,97),(386,97),(387,97),(388,97),(389,98),(390,98),(391,98),(392,98),(393,99),(394,99),(395,99),(396,99),(397,100),(398,100),(399,100),(400,100),(401,101),(402,101),(403,101),(404,101),(405,102),(406,102),(407,102),(408,102),(409,103),(410,103),(411,103),(412,103),(413,104),(414,104),(415,104),(416,104),(417,105),(418,105),(419,105),(420,105),(421,106),(422,106),(423,106),(424,106),(425,107),(426,107),(427,107),(428,107),(429,108),(430,108),(431,108),(432,108),(433,109),(434,109),(435,109),(436,109),(437,110),(438,110),(439,110),(440,110),(441,111),(442,111),(443,111),(444,111),(445,112),(446,112),(447,112),(448,112),(449,113),(450,113),(451,113),(452,113),(453,114),(454,114),(455,114),(456,114),(457,115),(458,115),(459,115),(460,115),(461,116),(462,116),(463,116),(464,116),(465,117),(466,117),(467,117),(468,117),(469,118),(470,118),(471,118),(472,118),(473,119),(474,119),(475,119),(476,119),(477,120),(478,120),(479,120),(480,120),(481,121),(482,121),(483,121),(484,121),(485,122),(486,122),(487,122),(488,122),(489,123),(490,123),(491,123),(492,123),(493,124),(494,124),(495,124),(496,124),(497,125),(498,125),(499,125),(500,125),(501,126),(502,126),(503,126),(504,126),(505,127),(506,127),(507,127),(508,127),(509,128),(510,128),(511,128),(512,128),(513,129),(514,129),(515,129),(516,129),(517,130),(518,130),(519,130),(520,130),(521,131),(522,131),(523,131),(524,131),(525,132),(526,132),(527,132),(528,132),(529,133),(530,133),(531,133),(532,133),(533,134),(534,134),(535,134),(536,134),(537,135),(538,135),(539,135),(540,135),(541,136),(542,136),(543,136),(544,136),(545,137),(546,137),(547,137),(548,137),(549,138),(550,138),(551,138),(552,138),(553,139),(554,139),(555,139),(556,139),(557,140),(558,140),(559,140),(560,140),(561,141),(562,141),(563,141),(564,141),(565,142),(566,142),(567,142),(568,142),(569,143),(570,143),(571,143),(572,143),(573,144),(574,144),(575,144),(576,144),(577,145),(578,145),(579,145),(580,145),(581,146),(582,146),(583,146),(584,146);
/*!40000 ALTER TABLE `inventory` ENABLE KEYS */;
UNLOCK TABLES;

--
-- Table structure for table `rental`
--

DROP TABLE IF EXISTS `rental`;
/*!40101 SET @saved_cs_client     = @@character_set_client */;
 SET character_set_client = utf8mb4 ;
CREATE TABLE `rental` (
  `rental_id` int(11) NOT NULL AUTO_INCREMENT,
  `inventory_id` int(11) NOT NULL,
  `user_id` int(11) NOT NULL,
  `rental_date` timestamp NULL DEFAULT CURRENT_TIMESTAMP,
  `return_date` datetime DEFAULT NULL,
  PRIMARY KEY (`rental_id`),
  KEY `fk_rental_user1_idx` (`user_id`),
  CONSTRAINT `fk_rental_user1` FOREIGN KEY (`user_id`) REFERENCES `user` (`user_id`)
) ENGINE=InnoDB AUTO_INCREMENT=638 DEFAULT CHARSET=utf8;
/*!40101 SET character_set_client = @saved_cs_client */;

--
-- Dumping data for table `rental`
--

LOCK TABLES `rental` WRITE;
/*!40000 ALTER TABLE `rental` DISABLE KEYS */;
INSERT INTO `rental` VALUES (1,147,189,'2019-01-10 18:40:00','2019-01-10 19:40:00'),(2,136,86,'2019-01-10 18:40:00','2019-01-10 19:40:00'),(3,4,79,'2019-01-10 18:40:00','2019-01-10 19:40:00'),(4,398,176,'2019-01-10 18:40:00','2019-01-10 19:40:00'),(5,285,156,'2019-01-10 18:40:00','2019-01-10 19:40:00'),(6,236,39,'2019-01-10 18:40:00','2019-01-10 19:40:00'),(7,111,6,'2019-01-10 18:40:00','2019-01-10 19:40:00'),(8,176,82,'2019-01-10 18:40:00','2019-01-10 19:40:00'),(9,451,134,'2019-01-10 18:40:00','2019-01-10 19:40:00'),(10,549,173,'2019-01-10 18:40:00','2019-01-10 19:40:00'),(11,491,34,'2019-01-10 18:40:00','2019-01-10 19:40:00'),(12,104,49,'2019-01-10 18:40:00','2019-01-10 19:40:00'),(13,222,188,'2019-01-10 18:40:00','2019-01-10 19:40:00'),(14,81,128,'2019-01-10 18:40:00','2019-01-10 19:40:00'),(15,275,159,'2019-01-10 18:40:00','2019-01-10 19:40:00'),(16,483,88,'2019-01-10 18:40:00','2019-01-10 19:40:00'),(17,351,39,'2019-01-10 18:40:00','2019-01-10 19:40:00'),(18,60,187,'2019-01-10 18:40:00','2019-01-10 19:40:00'),(19,12,1,'2019-01-10 18:40:00','2019-01-10 19:40:00'),(20,158,76,'2019-01-10 18:40:00','2019-01-10 19:40:00'),(21,486,108,'2019-01-10 18:40:00','2019-01-10 19:40:00'),(22,522,67,'2019-01-10 18:40:00','2019-01-10 19:40:00'),(23,241,16,'2019-01-10 18:40:00','2019-01-10 19:40:00'),(24,289,141,'2019-01-10 18:40:00','2019-01-10 19:40:00'),(25,446,166,'2019-01-10 18:40:00','2019-01-10 19:40:00'),(26,41,18,'2019-01-10 18:40:00','2019-01-10 19:40:00'),(27,280,103,'2019-01-10 18:40:00','2019-01-10 19:40:00'),(28,358,112,'2019-01-10 18:40:00','2019-01-10 19:40:00'),(29,154,105,'2019-01-10 18:40:00','2019-01-10 19:40:00'),(30,296,155,'2019-01-10 18:40:00','2019-01-10 19:40:00'),(31,256,106,'2019-01-10 18:40:00','2019-01-10 19:40:00'),(32,68,31,'2019-01-10 18:40:00','2019-01-10 19:40:00'),(33,203,45,'2019-01-10 18:40:00','2019-01-10 19:40:00'),(34,572,37,'2019-01-10 18:40:00','2019-01-10 19:40:00'),(35,131,199,'2019-01-10 18:40:00','2019-01-10 19:40:00'),(36,171,73,'2019-01-10 18:40:00','2019-01-10 19:40:00'),(37,295,89,'2019-01-10 18:40:00','2019-01-10 19:40:00'),(38,8,175,'2019-01-10 18:40:00','2019-01-10 19:40:00'),(39,422,162,'2019-01-10 18:40:00','2019-01-10 19:40:00'),(40,190,5,'2019-01-10 18:40:00','2019-01-10 19:40:00'),(41,482,25,'2019-01-10 18:40:00','2019-01-10 19:40:00'),(42,339,126,'2019-01-10 18:40:00','2019-01-10 19:40:00'),(43,165,38,'2019-01-10 18:40:00','2019-01-10 19:40:00'),(44,328,121,'2019-01-10 18:40:00','2019-01-10 19:40:00'),(45,361,86,'2019-01-10 18:40:00','2019-01-10 19:40:00'),(46,129,100,'2019-01-10 18:40:00','2019-01-10 19:40:00'),(47,408,48,'2019-01-10 18:40:00','2019-01-10 19:40:00'),(48,247,169,'2019-01-10 18:40:00','2019-01-10 19:40:00'),(49,527,50,'2019-01-10 18:40:00','2019-01-10 19:40:00'),(50,570,110,'2019-01-10 18:40:00','2019-01-10 19:40:00'),(51,436,43,'2019-01-10 18:40:00','2019-01-10 19:40:00'),(52,90,85,'2019-01-10 18:40:00','2019-01-10 19:40:00'),(53,218,179,'2019-01-10 18:40:00','2019-01-10 19:40:00'),(54,83,123,'2019-01-10 18:40:00','2019-01-10 19:40:00'),(55,483,130,'2019-01-10 18:40:00','2019-01-10 19:40:00'),(56,64,44,'2019-01-10 18:40:00','2019-01-10 19:40:00'),(57,359,69,'2019-01-10 18:40:00','2019-01-10 19:40:00'),(58,277,88,'2019-01-10 18:40:00','2019-01-10 19:40:00'),(59,20,165,'2019-01-10 18:40:00','2019-01-10 19:40:00'),(60,344,13,'2019-01-10 18:40:00','2019-01-10 19:40:00'),(61,143,149,'2019-01-10 18:40:00','2019-01-10 19:40:00'),(62,462,150,'2019-01-10 18:40:00','2019-01-10 19:40:00'),(63,414,120,'2019-01-10 18:40:00','2019-01-10 19:40:00'),(64,483,86,'2019-01-10 18:40:00','2019-01-10 19:40:00'),(65,138,17,'2019-01-10 18:40:00','2019-01-10 19:40:00'),(66,466,124,'2019-01-10 18:40:00','2019-01-10 19:40:00'),(67,280,23,'2019-01-10 18:40:00','2019-01-10 19:40:00'),(68,133,115,'2019-01-10 18:40:00','2019-01-10 19:40:00'),(69,490,190,'2019-01-10 18:40:00','2019-01-10 19:40:00'),(70,409,127,'2019-01-10 18:40:00','2019-01-10 19:40:00'),(71,337,192,'2019-01-10 18:40:00','2019-01-10 19:40:00'),(72,336,132,'2019-01-10 18:40:00','2019-01-10 19:40:00'),(73,328,66,'2019-01-10 18:40:00','2019-01-10 19:40:00'),(74,390,28,'2019-01-10 18:40:00','2019-01-10 19:40:00'),(75,384,21,'2019-01-10 18:40:00','2019-01-10 19:40:00'),(76,254,119,'2019-01-10 18:40:00','2019-01-10 19:40:00'),(77,79,11,'2019-01-10 18:40:00','2019-01-10 19:40:00'),(78,169,107,'2019-01-10 18:40:00','2019-01-10 19:40:00'),(79,347,23,'2019-01-10 18:40:00','2019-01-10 19:40:00'),(80,375,179,'2019-01-10 18:40:00','2019-01-10 19:40:00'),(81,145,152,'2019-01-10 18:40:00','2019-01-10 19:40:00'),(82,349,80,'2019-01-10 18:40:00','2019-01-10 19:40:00'),(83,23,164,'2019-01-10 18:40:00','2019-01-10 19:40:00'),(84,434,127,'2019-01-10 18:40:00','2019-01-10 19:40:00'),(85,254,145,'2019-01-10 18:40:00','2019-01-10 19:40:00'),(86,368,129,'2019-01-10 18:40:00','2019-01-10 19:40:00'),(87,191,194,'2019-01-10 18:40:00','2019-01-10 19:40:00'),(88,529,142,'2019-01-10 18:40:00','2019-01-10 19:40:00'),(89,119,54,'2019-01-10 18:40:00','2019-01-10 19:40:00'),(90,368,153,'2019-01-10 18:40:00','2019-01-10 19:40:00'),(91,377,172,'2019-01-10 18:40:00','2019-01-10 19:40:00'),(92,538,81,'2019-01-10 18:40:00','2019-01-10 19:40:00'),(93,459,118,'2019-01-10 18:40:00','2019-01-10 19:40:00'),(94,489,159,'2019-01-10 18:40:00','2019-01-10 19:40:00'),(95,514,56,'2019-01-10 18:40:00','2019-01-10 19:40:00'),(96,107,7,'2019-01-10 18:40:00','2019-01-10 19:40:00'),(97,73,113,'2019-01-10 18:40:00','2019-01-10 19:40:00'),(98,165,35,'2019-01-10 18:40:00','2019-01-10 19:40:00'),(99,418,192,'2019-01-10 18:40:00','2019-01-10 19:40:00'),(100,346,22,'2019-01-10 18:40:00','2019-01-10 19:40:00'),(101,387,122,'2019-01-10 18:40:00','2019-01-10 19:40:00'),(102,495,4,'2019-01-10 18:40:00','2019-01-10 19:40:00'),(103,306,6,'2019-01-10 18:40:00','2019-01-10 19:40:00'),(104,205,136,'2019-01-10 18:40:00','2019-01-10 19:40:00'),(105,339,132,'2019-01-10 18:40:00','2019-01-10 19:40:00'),(106,20,142,'2019-01-10 18:40:00','2019-01-10 19:40:00'),(107,104,52,'2019-01-10 18:40:00','2019-01-10 19:40:00'),(108,114,51,'2019-01-10 18:40:00','2019-01-10 19:40:00'),(109,320,124,'2019-01-10 18:40:00','2019-01-10 19:40:00'),(110,228,79,'2019-01-10 18:40:00','2019-01-10 19:40:00'),(111,54,70,'2019-01-10 18:40:00','2019-01-10 19:40:00'),(112,390,171,'2019-01-10 18:40:00','2019-01-10 19:40:00'),(113,38,51,'2019-01-10 18:40:00','2019-01-10 19:40:00'),(114,2,123,'2019-01-10 18:40:00','2019-01-10 19:40:00'),(115,209,102,'2019-01-10 18:40:00','2019-01-10 19:40:00'),(116,114,88,'2019-01-10 18:40:00','2019-01-10 19:40:00'),(117,561,112,'2019-01-10 18:40:00','2019-01-10 19:40:00'),(118,247,61,'2019-01-10 18:40:00','2019-01-10 19:40:00'),(119,196,195,'2019-01-10 18:40:00','2019-01-10 19:40:00'),(120,337,85,'2019-01-10 18:40:00','2019-01-10 19:40:00'),(121,503,42,'2019-01-10 18:40:00','2019-01-10 19:40:00'),(122,525,128,'2019-01-10 18:40:00','2019-01-10 19:40:00'),(123,540,119,'2019-01-10 18:40:00','2019-01-10 19:40:00'),(124,443,106,'2019-01-10 18:40:00','2019-01-10 19:40:00'),(125,367,78,'2019-01-10 18:40:00','2019-01-10 19:40:00'),(126,470,12,'2019-01-10 18:40:00','2019-01-10 19:40:00'),(127,323,94,'2019-01-10 18:40:00','2019-01-10 19:40:00'),(128,410,163,'2019-01-10 18:40:00','2019-01-10 19:40:00'),(129,410,1,'2019-01-10 18:40:00','2019-01-10 19:40:00'),(130,544,41,'2019-01-10 18:40:00','2019-01-10 19:40:00'),(131,332,171,'2019-01-10 18:40:00','2019-01-10 19:40:00'),(132,517,82,'2019-01-10 18:40:00','2019-01-10 19:40:00'),(133,195,135,'2019-01-10 18:40:00','2019-01-10 19:40:00'),(134,188,33,'2019-01-10 18:40:00','2019-01-10 19:40:00'),(135,503,122,'2019-01-10 18:40:00','2019-01-10 19:40:00'),(136,481,82,'2019-01-10 18:40:00','2019-01-10 19:40:00'),(137,68,152,'2019-01-10 18:40:00','2019-01-10 19:40:00'),(138,336,120,'2019-01-10 18:40:00','2019-01-10 19:40:00'),(139,391,60,'2019-01-10 18:40:00','2019-01-10 19:40:00'),(140,464,90,'2019-01-10 18:40:00','2019-01-10 19:40:00'),(141,366,42,'2019-01-10 18:40:00','2019-01-10 19:40:00'),(142,113,149,'2019-01-10 18:40:00','2019-01-10 19:40:00'),(143,205,196,'2019-01-10 18:40:00','2019-01-10 19:40:00'),(144,508,69,'2019-01-10 18:40:00','2019-01-10 19:40:00'),(145,159,40,'2019-01-10 18:40:00','2019-01-10 19:40:00'),(146,554,159,'2019-01-10 18:40:00','2019-01-10 19:40:00'),(147,509,54,'2019-01-10 18:40:00','2019-01-10 19:40:00'),(148,381,91,'2019-01-10 18:40:00','2019-01-10 19:40:00'),(149,178,127,'2019-01-10 18:40:00','2019-01-10 19:40:00'),(150,190,116,'2019-01-10 18:40:00','2019-01-10 19:40:00'),(151,407,173,'2019-01-10 18:40:00','2019-01-10 19:40:00'),(152,366,181,'2019-01-10 18:40:00','2019-01-10 19:40:00'),(153,68,53,'2019-01-10 18:40:00','2019-01-10 19:40:00'),(154,96,5,'2019-01-10 18:40:00','2019-01-10 19:40:00'),(155,539,140,'2019-01-10 18:40:00','2019-01-10 19:40:00'),(156,246,58,'2019-01-10 18:40:00','2019-01-10 19:40:00'),(157,250,99,'2019-01-10 18:40:00','2019-01-10 19:40:00'),(158,485,60,'2019-01-10 18:40:00','2019-01-10 19:40:00'),(159,110,180,'2019-01-10 18:40:00','2019-01-10 19:40:00'),(160,364,75,'2019-01-10 18:40:00','2019-01-10 19:40:00'),(161,364,119,'2019-01-10 18:40:00','2019-01-10 19:40:00'),(162,466,120,'2019-01-10 18:40:00','2019-01-10 19:40:00'),(163,428,152,'2019-01-10 18:40:00','2019-01-10 19:40:00'),(164,107,6,'2019-01-10 18:40:00','2019-01-10 19:40:00'),(165,44,150,'2019-01-10 18:40:00','2019-01-10 19:40:00'),(166,171,115,'2019-01-10 18:40:00','2019-01-10 19:40:00'),(167,495,12,'2019-01-10 18:40:00','2019-01-10 19:40:00'),(168,580,72,'2019-01-10 18:40:00','2019-01-10 19:40:00'),(169,83,174,'2019-01-10 18:40:00','2019-01-10 19:40:00'),(170,563,151,'2019-01-10 18:40:00','2019-01-10 19:40:00'),(171,576,18,'2019-01-10 18:40:00','2019-01-10 19:40:00'),(172,544,104,'2019-01-10 18:40:00','2019-01-10 19:40:00'),(173,325,188,'2019-01-10 18:40:00','2019-01-10 19:40:00'),(174,386,95,'2019-01-10 18:40:00','2019-01-10 19:40:00'),(175,389,95,'2019-01-10 18:40:00','2019-01-10 19:40:00'),(176,516,149,'2019-01-10 18:40:00','2019-01-10 19:40:00'),(177,143,68,'2019-01-10 18:40:00','2019-01-10 19:40:00'),(178,411,18,'2019-01-10 18:40:00','2019-01-10 19:40:00'),(179,358,123,'2019-01-10 18:40:00','2019-01-10 19:40:00'),(180,151,45,'2019-01-10 18:40:00','2019-01-10 19:40:00'),(181,456,84,'2019-01-10 18:40:00','2019-01-10 19:40:00'),(182,47,11,'2019-01-10 18:40:00','2019-01-10 19:40:00'),(183,380,123,'2019-01-10 18:40:00','2019-01-10 19:40:00'),(184,480,105,'2019-01-10 18:40:00','2019-01-10 19:40:00'),(185,222,9,'2019-01-10 18:40:00','2019-01-10 19:40:00'),(186,62,121,'2019-01-10 18:40:00','2019-01-10 19:40:00'),(187,311,75,'2019-01-10 18:40:00','2019-01-10 19:40:00'),(188,541,106,'2019-01-10 18:40:00','2019-01-10 19:40:00'),(189,34,103,'2019-01-10 18:40:00','2019-01-10 19:40:00'),(190,204,13,'2019-01-10 18:40:00','2019-01-10 19:40:00'),(191,528,144,'2019-01-10 18:40:00','2019-01-10 19:40:00'),(192,351,116,'2019-01-10 18:40:00','2019-01-10 19:40:00'),(193,13,110,'2019-01-10 18:40:00','2019-01-10 19:40:00'),(194,538,196,'2019-01-10 18:40:00','2019-01-10 19:40:00'),(195,269,126,'2019-01-10 18:40:00','2019-01-10 19:40:00'),(196,264,93,'2019-01-10 18:40:00','2019-01-10 19:40:00'),(197,400,125,'2019-01-10 18:40:00','2019-01-10 19:40:00'),(198,114,177,'2019-01-10 18:40:00','2019-01-10 19:40:00'),(199,343,114,'2019-01-10 18:40:00','2019-01-10 19:40:00'),(200,399,42,'2019-01-10 18:40:00','2019-01-10 19:40:00'),(201,239,38,'2019-01-10 18:40:00','2019-01-10 19:40:00'),(202,384,12,'2019-01-10 18:40:00','2019-01-10 19:40:00'),(203,221,4,'2019-01-10 18:40:00','2019-01-10 19:40:00'),(204,426,86,'2019-01-10 18:40:00','2019-01-10 19:40:00'),(205,135,103,'2019-01-10 18:40:00','2019-01-10 19:40:00'),(206,210,173,'2019-01-10 18:40:00','2019-01-10 19:40:00'),(207,69,36,'2019-01-10 18:40:00','2019-01-10 19:40:00'),(208,419,157,'2019-01-10 18:40:00','2019-01-10 19:40:00'),(209,152,29,'2019-01-10 18:40:00','2019-01-10 19:40:00'),(210,315,103,'2019-01-10 18:40:00','2019-01-10 19:40:00'),(211,226,4,'2019-01-10 18:40:00','2019-01-10 19:40:00'),(212,144,188,'2019-01-10 18:40:00','2019-01-10 19:40:00'),(213,557,172,'2019-01-10 18:40:00','2019-01-10 19:40:00'),(214,74,110,'2019-01-10 18:40:00','2019-01-10 19:40:00'),(215,314,164,'2019-01-10 18:40:00','2019-01-10 19:40:00'),(216,108,155,'2019-01-10 18:40:00','2019-01-10 19:40:00'),(217,251,7,'2019-01-10 18:40:00','2019-01-10 19:40:00'),(218,121,121,'2019-01-10 18:40:00','2019-01-10 19:40:00'),(219,427,56,'2019-01-10 18:40:00','2019-01-10 19:40:00'),(220,277,43,'2019-01-10 18:40:00','2019-01-10 19:40:00'),(221,553,152,'2019-01-10 18:40:00','2019-01-10 19:40:00'),(222,39,147,'2019-01-10 18:40:00','2019-01-10 19:40:00'),(223,415,36,'2019-01-10 18:40:00','2019-01-10 19:40:00'),(224,96,159,'2019-01-10 18:40:00','2019-01-10 19:40:00'),(225,575,114,'2019-01-10 18:40:00','2019-01-10 19:40:00'),(226,173,140,'2019-01-10 18:40:00','2019-01-10 19:40:00'),(227,210,45,'2019-01-10 18:40:00','2019-01-10 19:40:00'),(228,429,45,'2019-01-10 18:40:00','2019-01-10 19:40:00'),(229,30,182,'2019-01-10 18:40:00','2019-01-10 19:40:00'),(230,9,179,'2019-01-10 18:40:00','2019-01-10 19:40:00'),(231,539,95,'2019-01-10 18:40:00','2019-01-10 19:40:00'),(232,3,9,'2019-01-10 18:40:00','2019-01-10 19:40:00'),(233,495,62,'2019-01-10 18:40:00','2019-01-10 19:40:00'),(234,486,21,'2019-01-10 18:40:00','2019-01-10 19:40:00'),(235,166,191,'2019-01-10 18:40:00','2019-01-10 19:40:00'),(236,60,193,'2019-01-10 18:40:00','2019-01-10 19:40:00'),(237,100,68,'2019-01-10 18:40:00','2019-01-10 19:40:00'),(238,243,195,'2019-01-10 18:40:00','2019-01-10 19:40:00'),(239,202,14,'2019-01-10 18:40:00','2019-01-10 19:40:00'),(240,556,111,'2019-01-10 18:40:00','2019-01-10 19:40:00'),(241,244,120,'2019-01-10 18:40:00','2019-01-10 19:40:00'),(242,7,160,'2019-01-10 18:40:00','2019-01-10 19:40:00'),(243,339,38,'2019-01-10 18:40:00','2019-01-10 19:40:00'),(244,89,134,'2019-01-10 18:40:00','2019-01-10 19:40:00'),(245,143,94,'2019-01-10 18:40:00','2019-01-10 19:40:00'),(246,410,77,'2019-01-10 18:40:00','2019-01-10 19:40:00'),(247,378,68,'2019-01-10 18:40:00','2019-01-10 19:40:00'),(248,301,14,'2019-01-10 18:40:00','2019-01-10 19:40:00'),(249,558,7,'2019-01-10 18:40:00','2019-01-10 19:40:00'),(250,2,21,'2019-01-10 18:40:00','2019-01-10 19:40:00'),(251,308,133,'2019-01-10 18:40:00','2019-01-10 19:40:00'),(252,91,97,'2019-01-10 18:40:00','2019-01-10 19:40:00'),(253,8,60,'2019-01-10 18:40:00','2019-01-10 19:40:00'),(254,346,89,'2019-01-10 18:40:00','2019-01-10 19:40:00'),(255,253,145,'2019-01-10 18:40:00','2019-01-10 19:40:00'),(256,168,188,'2019-01-10 18:40:00','2019-01-10 19:40:00'),(257,478,55,'2019-01-10 18:40:00','2019-01-10 19:40:00'),(258,502,190,'2019-01-10 18:40:00','2019-01-10 19:40:00'),(259,520,80,'2019-01-10 18:40:00','2019-01-10 19:40:00'),(260,573,163,'2019-01-10 18:40:00','2019-01-10 19:40:00'),(261,492,135,'2019-01-10 18:40:00','2019-01-10 19:40:00'),(262,307,3,'2019-01-10 18:40:00','2019-01-10 19:40:00'),(263,423,59,'2019-01-10 18:40:00','2019-01-10 19:40:00'),(264,575,148,'2019-01-10 18:40:00','2019-01-10 19:40:00'),(265,111,168,'2019-01-10 18:40:00','2019-01-10 19:40:00'),(266,366,35,'2019-01-10 18:40:00','2019-01-10 19:40:00'),(267,225,192,'2019-01-10 18:40:00','2019-01-10 19:40:00'),(268,182,40,'2019-01-10 18:40:00','2019-01-10 19:40:00'),(269,111,189,'2019-01-10 18:40:00','2019-01-10 19:40:00'),(270,497,88,'2019-01-10 18:40:00','2019-01-10 19:40:00'),(271,215,108,'2019-01-10 18:40:00','2019-01-10 19:40:00'),(272,361,14,'2019-01-10 18:40:00','2019-01-10 19:40:00'),(273,202,32,'2019-01-10 18:40:00','2019-01-10 19:40:00'),(274,563,50,'2019-01-10 18:40:00','2019-01-10 19:40:00'),(275,412,115,'2019-01-10 18:40:00','2019-01-10 19:40:00'),(276,141,162,'2019-01-10 18:40:00','2019-01-10 19:40:00'),(277,464,174,'2019-01-10 18:40:00','2019-01-10 19:40:00'),(278,229,44,'2019-01-10 18:40:00','2019-01-10 19:40:00'),(279,273,95,'2019-01-10 18:40:00','2019-01-10 19:40:00'),(280,572,105,'2019-01-10 18:40:00','2019-01-10 19:40:00'),(281,90,47,'2019-01-10 18:40:00','2019-01-10 19:40:00'),(282,189,10,'2019-01-10 18:40:00','2019-01-10 19:40:00'),(283,138,45,'2019-01-10 18:40:00','2019-01-10 19:40:00'),(284,52,66,'2019-01-10 18:40:00','2019-01-10 19:40:00'),(285,267,200,'2019-01-10 18:40:00','2019-01-10 19:40:00'),(286,129,172,'2019-01-10 18:40:00','2019-01-10 19:40:00'),(287,75,194,'2019-01-10 18:40:00','2019-01-10 19:40:00'),(288,374,73,'2019-01-10 18:40:00','2019-01-10 19:40:00'),(289,266,135,'2019-01-10 18:40:00','2019-01-10 19:40:00'),(290,152,139,'2019-01-10 18:40:00','2019-01-10 19:40:00'),(291,22,124,'2019-01-10 18:40:00','2019-01-10 19:40:00'),(292,546,199,'2019-01-10 18:40:00','2019-01-10 19:40:00'),(293,460,108,'2019-01-10 18:40:00','2019-01-10 19:40:00'),(294,348,138,'2019-01-10 18:40:00','2019-01-10 19:40:00'),(295,476,143,'2019-01-10 18:40:00','2019-01-10 19:40:00'),(296,334,114,'2019-01-10 18:40:00','2019-01-10 19:40:00'),(297,256,96,'2019-01-10 18:40:00','2019-01-10 19:40:00'),(298,386,56,'2019-01-10 18:40:00','2019-01-10 19:40:00'),(299,33,166,'2019-01-10 18:40:00','2019-01-10 19:40:00'),(300,6,42,'2019-01-10 18:40:00','2019-01-10 19:40:00'),(301,455,163,'2019-01-10 18:40:00','2019-01-10 19:40:00'),(302,31,36,'2019-01-10 18:40:00','2019-01-10 19:40:00'),(303,228,71,'2019-01-10 18:40:00','2019-01-10 19:40:00'),(304,510,151,'2019-01-10 18:40:00','2019-01-10 19:40:00'),(305,527,142,'2019-01-10 18:40:00','2019-01-10 19:40:00'),(306,357,43,'2019-01-10 18:40:00','2019-01-10 19:40:00'),(307,99,198,'2019-01-10 18:40:00','2019-01-10 19:40:00'),(308,224,41,'2019-01-10 18:40:00','2019-01-10 19:40:00'),(309,409,108,'2019-01-10 18:40:00','2019-01-10 19:40:00'),(310,223,101,'2019-01-10 18:40:00','2019-01-10 19:40:00'),(311,545,83,'2019-01-10 18:40:00','2019-01-10 19:40:00'),(312,56,63,'2019-01-10 18:40:00','2019-01-10 19:40:00'),(313,34,76,'2019-01-10 18:40:00','2019-01-10 19:40:00'),(314,97,54,'2019-01-10 18:40:00','2019-01-10 19:40:00'),(315,512,31,'2019-01-10 18:40:00','2019-01-10 19:40:00'),(316,82,108,'2019-01-10 18:40:00','2019-01-10 19:40:00'),(317,53,197,'2019-01-10 18:40:00','2019-01-10 19:40:00'),(318,406,197,'2019-01-10 18:40:00','2019-01-10 19:40:00'),(319,527,158,'2019-01-10 18:40:00','2019-01-10 19:40:00'),(320,11,47,'2019-01-10 18:40:00','2019-01-10 19:40:00'),(321,85,172,'2019-01-10 18:40:00','2019-01-10 19:40:00'),(322,76,22,'2019-01-10 18:40:00','2019-01-10 19:40:00'),(323,353,77,'2019-01-10 18:40:00','2019-01-10 19:40:00'),(324,497,121,'2019-01-10 18:40:00','2019-01-10 19:40:00'),(325,301,172,'2019-01-10 18:40:00','2019-01-10 19:40:00'),(326,314,95,'2019-01-10 18:40:00','2019-01-10 19:40:00'),(327,30,77,'2019-01-10 18:40:00','2019-01-10 19:40:00'),(328,192,142,'2019-01-10 18:40:00','2019-01-10 19:40:00'),(329,86,164,'2019-01-10 18:40:00','2019-01-10 19:40:00'),(330,303,72,'2019-01-10 18:40:00','2019-01-10 19:40:00'),(331,505,136,'2019-01-10 18:40:00','2019-01-10 19:40:00'),(332,413,95,'2019-01-10 18:40:00','2019-01-10 19:40:00'),(333,478,123,'2019-01-10 18:40:00','2019-01-10 19:40:00'),(334,576,136,'2019-01-10 18:40:00','2019-01-10 19:40:00'),(335,58,172,'2019-01-10 18:40:00','2019-01-10 19:40:00'),(336,408,18,'2019-01-10 18:40:00','2019-01-10 19:40:00'),(337,490,192,'2019-01-10 18:40:00','2019-01-10 19:40:00'),(338,63,107,'2019-01-10 18:40:00','2019-01-10 19:40:00'),(339,217,119,'2019-01-10 18:40:00','2019-01-10 19:40:00'),(340,233,192,'2019-01-10 18:40:00','2019-01-10 19:40:00'),(341,33,54,'2019-01-10 18:40:00','2019-01-10 19:40:00'),(342,33,5,'2019-01-10 18:40:00','2019-01-10 19:40:00'),(343,106,65,'2019-01-10 18:40:00','2019-01-10 19:40:00'),(344,11,144,'2019-01-10 18:40:00','2019-01-10 19:40:00'),(345,538,26,'2019-01-10 18:40:00','2019-01-10 19:40:00'),(346,52,161,'2019-01-10 18:40:00','2019-01-10 19:40:00'),(347,502,99,'2019-01-10 18:40:00','2019-01-10 19:40:00'),(348,411,69,'2019-01-10 18:40:00','2019-01-10 19:40:00'),(349,472,169,'2019-01-10 18:40:00','2019-01-10 19:40:00'),(350,456,44,'2019-01-10 18:40:00','2019-01-10 19:40:00'),(351,342,21,'2019-01-10 18:40:00','2019-01-10 19:40:00'),(352,201,195,'2019-01-10 18:40:00','2019-01-10 19:40:00'),(353,485,184,'2019-01-10 18:40:00','2019-01-10 19:40:00'),(354,197,58,'2019-01-10 18:40:00','2019-01-10 19:40:00'),(355,122,142,'2019-01-10 18:40:00','2019-01-10 19:40:00'),(356,326,93,'2019-01-10 18:40:00','2019-01-10 19:40:00'),(357,426,118,'2019-01-10 18:40:00','2019-01-10 19:40:00'),(358,13,12,'2019-01-10 18:40:00','2019-01-10 19:40:00'),(359,254,17,'2019-01-10 18:40:00','2019-01-10 19:40:00'),(360,455,165,'2019-01-10 18:40:00','2019-01-10 19:40:00'),(361,167,55,'2019-01-10 18:40:00','2019-01-10 19:40:00'),(362,118,181,'2019-01-10 18:40:00','2019-01-10 19:40:00'),(363,388,11,'2019-01-10 18:40:00','2019-01-10 19:40:00'),(364,448,27,'2019-01-10 18:40:00','2019-01-10 19:40:00'),(365,386,103,'2019-01-10 18:40:00','2019-01-10 19:40:00'),(366,436,130,'2019-01-10 18:40:00','2019-01-10 19:40:00'),(367,7,83,'2019-01-10 18:40:00','2019-01-10 19:40:00'),(368,247,116,'2019-01-10 18:40:00','2019-01-10 19:40:00'),(369,176,158,'2019-01-10 18:40:00','2019-01-10 19:40:00'),(370,228,104,'2019-01-10 18:40:00','2019-01-10 19:40:00'),(371,386,183,'2019-01-10 18:40:00','2019-01-10 19:40:00'),(372,556,135,'2019-01-10 18:40:00','2019-01-10 19:40:00'),(373,249,44,'2019-01-10 18:40:00','2019-01-10 19:40:00'),(374,407,198,'2019-01-10 18:40:00','2019-01-10 19:40:00'),(375,501,115,'2019-01-10 18:40:00','2019-01-10 19:40:00'),(376,336,198,'2019-01-10 18:40:00','2019-01-10 19:40:00'),(377,233,53,'2019-01-10 18:40:00','2019-01-10 19:40:00'),(378,393,96,'2019-01-10 18:40:00','2019-01-10 19:40:00'),(379,130,41,'2019-01-10 18:40:00','2019-01-10 19:40:00'),(380,257,128,'2019-01-10 18:40:00','2019-01-10 19:40:00'),(381,87,176,'2019-01-10 18:40:00','2019-01-10 19:40:00'),(382,254,86,'2019-01-10 18:40:00','2019-01-10 19:40:00'),(383,237,117,'2019-01-10 18:40:00','2019-01-10 19:40:00'),(384,268,178,'2019-01-10 18:40:00','2019-01-10 19:40:00'),(385,104,107,'2019-01-10 18:40:00','2019-01-10 19:40:00'),(386,53,98,'2019-01-10 18:40:00','2019-01-10 19:40:00'),(387,369,138,'2019-01-10 18:40:00','2019-01-10 19:40:00'),(388,509,106,'2019-01-10 18:40:00','2019-01-10 19:40:00'),(389,579,8,'2019-01-10 18:40:00','2019-01-10 19:40:00'),(390,190,73,'2019-01-10 18:40:00','2019-01-10 19:40:00'),(391,169,147,'2019-01-10 18:40:00','2019-01-10 19:40:00'),(392,246,23,'2019-01-10 18:40:00','2019-01-10 19:40:00'),(393,562,11,'2019-01-10 18:40:00','2019-01-10 19:40:00'),(394,228,164,'2019-01-10 18:40:00','2019-01-10 19:40:00'),(395,60,175,'2019-01-10 18:40:00','2019-01-10 19:40:00'),(396,397,25,'2019-01-10 18:40:00','2019-01-10 19:40:00'),(397,501,62,'2019-01-10 18:40:00','2019-01-10 19:40:00'),(398,361,145,'2019-01-10 18:40:00','2019-01-10 19:40:00'),(399,290,14,'2019-01-10 18:40:00','2019-01-10 19:40:00'),(400,121,160,'2019-01-10 18:40:00','2019-01-10 19:40:00'),(401,480,66,'2019-01-10 18:40:00','2019-01-10 19:40:00'),(402,378,171,'2019-01-10 18:40:00','2019-01-10 19:40:00'),(403,289,111,'2019-01-10 18:40:00','2019-01-10 19:40:00'),(404,417,182,'2019-01-10 18:40:00','2019-01-10 19:40:00'),(405,169,50,'2019-01-10 18:40:00','2019-01-10 19:40:00'),(406,177,76,'2019-01-10 18:40:00','2019-01-10 19:40:00'),(407,516,69,'2019-01-10 18:40:00','2019-01-10 19:40:00'),(408,439,49,'2019-01-10 18:40:00','2019-01-10 19:40:00'),(409,298,27,'2019-01-10 18:40:00','2019-01-10 19:40:00'),(410,21,170,'2019-01-10 18:40:00','2019-01-10 19:40:00'),(411,248,182,'2019-01-10 18:40:00','2019-01-10 19:40:00'),(412,33,64,'2019-01-10 18:40:00','2019-01-10 19:40:00'),(413,5,77,'2019-01-10 18:40:00','2019-01-10 19:40:00'),(414,208,116,'2019-01-10 18:40:00','2019-01-10 19:40:00'),(415,101,47,'2019-01-10 18:40:00','2019-01-10 19:40:00'),(416,477,150,'2019-01-10 18:40:00','2019-01-10 19:40:00'),(417,459,18,'2019-01-10 18:40:00','2019-01-10 19:40:00'),(418,182,63,'2019-01-10 18:40:00','2019-01-10 19:40:00'),(419,468,118,'2019-01-10 18:40:00','2019-01-10 19:40:00'),(420,118,80,'2019-01-10 18:40:00','2019-01-10 19:40:00'),(421,109,130,'2019-01-10 18:40:00','2019-01-10 19:40:00'),(422,249,195,'2019-01-10 18:40:00','2019-01-10 19:40:00'),(423,269,14,'2019-01-10 18:40:00','2019-01-10 19:40:00'),(424,56,186,'2019-01-10 18:40:00','2019-01-10 19:40:00'),(425,374,2,'2019-01-10 18:40:00','2019-01-10 19:40:00'),(426,580,158,'2019-01-10 18:40:00','2019-01-10 19:40:00'),(427,508,153,'2019-01-10 18:40:00','2019-01-10 19:40:00'),(428,36,150,'2019-01-10 18:40:00','2019-01-10 19:40:00'),(429,360,147,'2019-01-10 18:40:00','2019-01-10 19:40:00'),(430,214,5,'2019-01-10 18:40:00','2019-01-10 19:40:00'),(431,562,17,'2019-01-10 18:40:00','2019-01-10 19:40:00'),(432,336,82,'2019-01-10 18:40:00','2019-01-10 19:40:00'),(433,411,46,'2019-01-10 18:40:00','2019-01-10 19:40:00'),(434,312,183,'2019-01-10 18:40:00','2019-01-10 19:40:00'),(435,204,33,'2019-01-10 18:40:00','2019-01-10 19:40:00'),(436,429,117,'2019-01-10 18:40:00','2019-01-10 19:40:00'),(437,491,49,'2019-01-10 18:40:00','2019-01-10 19:40:00'),(438,517,54,'2019-01-10 18:40:00','2019-01-10 19:40:00'),(439,30,90,'2019-01-10 18:40:00','2019-01-10 19:40:00'),(440,149,77,'2019-01-10 18:40:00','2019-01-10 19:40:00'),(441,541,179,'2019-01-10 18:40:00','2019-01-10 19:40:00'),(442,19,84,'2019-01-10 18:40:00','2019-01-10 19:40:00'),(443,422,192,'2019-01-10 18:40:00','2019-01-10 19:40:00'),(444,288,92,'2019-01-10 18:40:00','2019-01-10 19:40:00'),(445,277,17,'2019-01-10 18:40:00','2019-01-10 19:40:00'),(446,121,173,'2019-01-10 18:40:00','2019-01-10 19:40:00'),(447,432,2,'2019-01-10 18:40:00','2019-01-10 19:40:00'),(448,161,41,'2019-01-10 18:40:00','2019-01-10 19:40:00'),(449,328,83,'2019-01-10 18:40:00','2019-01-10 19:40:00'),(450,397,28,'2019-01-10 18:40:00','2019-01-10 19:40:00'),(451,273,119,'2019-01-10 18:40:00','2019-01-10 19:40:00'),(452,215,135,'2019-01-10 18:40:00','2019-01-10 19:40:00'),(453,81,86,'2019-01-10 18:40:00','2019-01-10 19:40:00'),(454,176,189,'2019-01-10 18:40:00','2019-01-10 19:40:00'),(455,397,58,'2019-01-10 18:40:00','2019-01-10 19:40:00'),(456,202,87,'2019-01-10 18:40:00','2019-01-10 19:40:00'),(457,462,71,'2019-01-10 18:40:00','2019-01-10 19:40:00'),(458,144,114,'2019-01-10 18:40:00','2019-01-10 19:40:00'),(459,553,104,'2019-01-10 18:40:00','2019-01-10 19:40:00'),(460,215,70,'2019-01-10 18:40:00','2019-01-10 19:40:00'),(461,141,37,'2019-01-10 18:40:00','2019-01-10 19:40:00'),(462,349,171,'2019-01-10 18:40:00','2019-01-10 19:40:00'),(463,177,129,'2019-01-10 18:40:00','2019-01-10 19:40:00'),(464,325,122,'2019-01-10 18:40:00','2019-01-10 19:40:00'),(465,425,66,'2019-01-10 18:40:00','2019-01-10 19:40:00'),(466,472,156,'2019-01-10 18:40:00','2019-01-10 19:40:00'),(467,203,40,'2019-01-10 18:40:00','2019-01-10 19:40:00'),(468,510,120,'2019-01-10 18:40:00','2019-01-10 19:40:00'),(469,206,199,'2019-01-10 18:40:00','2019-01-10 19:40:00'),(470,560,145,'2019-01-10 18:40:00','2019-01-10 19:40:00'),(471,78,98,'2019-01-10 18:40:00','2019-01-10 19:40:00'),(472,143,197,'2019-01-10 18:40:00','2019-01-10 19:40:00'),(473,278,155,'2019-01-10 18:40:00','2019-01-10 19:40:00'),(474,540,23,'2019-01-10 18:40:00','2019-01-10 19:40:00'),(475,406,119,'2019-01-10 18:40:00','2019-01-10 19:40:00'),(476,72,48,'2019-01-10 18:40:00','2019-01-10 19:40:00'),(477,553,174,'2019-01-10 18:40:00','2019-01-10 19:40:00'),(478,363,87,'2019-01-10 18:40:00','2019-01-10 19:40:00'),(479,250,150,'2019-01-10 18:40:00','2019-01-10 19:40:00'),(480,95,22,'2019-01-10 18:40:00','2019-01-10 19:40:00'),(481,143,71,'2019-01-10 18:40:00','2019-01-10 19:40:00'),(482,71,129,'2019-01-10 18:40:00','2019-01-10 19:40:00'),(483,56,63,'2019-01-10 18:40:00','2019-01-10 19:40:00'),(484,241,103,'2019-01-10 18:40:00','2019-01-10 19:40:00'),(485,420,190,'2019-01-10 18:40:00','2019-01-10 19:40:00'),(486,390,125,'2019-01-10 18:40:00','2019-01-10 19:40:00'),(487,286,115,'2019-01-10 18:40:00','2019-01-10 19:40:00'),(488,185,85,'2019-01-10 18:40:00','2019-01-10 19:40:00'),(489,144,76,'2019-01-10 18:40:00','2019-01-10 19:40:00'),(490,304,82,'2019-01-10 18:40:00','2019-01-10 19:40:00'),(491,392,55,'2019-01-10 18:40:00','2019-01-10 19:40:00'),(492,551,109,'2019-01-10 18:40:00','2019-01-10 19:40:00'),(493,417,137,'2019-01-10 18:40:00','2019-01-10 19:40:00'),(494,272,37,'2019-01-10 18:40:00','2019-01-10 19:40:00'),(495,169,79,'2019-01-10 18:40:00','2019-01-10 19:40:00'),(496,62,146,'2019-01-10 18:40:00','2019-01-10 19:40:00'),(497,492,159,'2019-01-10 18:40:00','2019-01-10 19:40:00'),(498,513,149,'2019-01-10 18:40:00','2019-01-10 19:40:00'),(499,26,36,'2019-01-10 18:40:00','2019-01-10 19:40:00'),(500,73,119,'2019-01-10 18:40:00','2019-01-10 19:40:00'),(501,9,77,'2019-01-10 18:40:00','2019-01-10 19:40:00'),(502,105,143,'2019-01-10 18:40:00','2019-01-10 19:40:00'),(503,366,90,'2019-01-10 18:40:00','2019-01-10 19:40:00'),(504,20,85,'2019-01-10 18:40:00','2019-01-10 19:40:00'),(505,104,150,'2019-01-10 18:40:00','2019-01-10 19:40:00'),(506,289,143,'2019-01-10 18:40:00','2019-01-10 19:40:00'),(507,349,27,'2019-01-10 18:40:00','2019-01-10 19:40:00'),(508,557,123,'2019-01-10 18:40:00','2019-01-10 19:40:00'),(509,258,49,'2019-01-10 18:40:00','2019-01-10 19:40:00'),(510,264,87,'2019-01-10 18:40:00','2019-01-10 19:40:00'),(511,47,10,'2019-01-10 18:40:00','2019-01-10 19:40:00'),(512,186,168,'2019-01-10 18:40:00','2019-01-10 19:40:00'),(513,131,24,'2019-01-10 18:40:00','2019-01-10 19:40:00'),(514,309,165,'2019-01-10 18:40:00','2019-01-10 19:40:00'),(515,129,13,'2019-01-10 18:40:00','2019-01-10 19:40:00'),(516,198,166,'2019-01-10 18:40:00','2019-01-10 19:40:00'),(517,390,28,'2019-01-10 18:40:00','2019-01-10 19:40:00'),(518,31,143,'2019-01-10 18:40:00','2019-01-10 19:40:00'),(519,412,104,'2019-01-10 18:40:00','2019-01-10 19:40:00'),(520,76,87,'2019-01-10 18:40:00','2019-01-10 19:40:00'),(521,200,50,'2019-01-10 18:40:00','2019-01-10 19:40:00'),(522,128,48,'2019-01-10 18:40:00','2019-01-10 19:40:00'),(523,532,25,'2019-01-10 18:40:00','2019-01-10 19:40:00'),(524,427,170,'2019-01-10 18:40:00','2019-01-10 19:40:00'),(525,271,125,'2019-01-10 18:40:00','2019-01-10 19:40:00'),(526,123,116,'2019-01-10 18:40:00','2019-01-10 19:40:00'),(527,11,87,'2019-01-10 18:40:00','2019-01-10 19:40:00'),(528,229,126,'2019-01-10 18:40:00','2019-01-10 19:40:00'),(529,466,74,'2019-01-10 18:40:00','2019-01-10 19:40:00'),(530,134,25,'2019-01-10 18:40:00','2019-01-10 19:40:00'),(531,50,73,'2019-01-10 18:40:00','2019-01-10 19:40:00'),(532,454,163,'2019-01-10 18:40:00','2019-01-10 19:40:00'),(533,520,191,'2019-01-10 18:40:00','2019-01-10 19:40:00'),(534,408,124,'2019-01-10 18:40:00','2019-01-10 19:40:00'),(535,386,19,'2019-01-10 18:40:00','2019-01-10 19:40:00'),(536,520,116,'2019-01-10 18:40:00','2019-01-10 19:40:00'),(537,367,116,'2019-01-10 18:40:00','2019-01-10 19:40:00'),(538,71,50,'2019-01-10 18:40:00','2019-01-10 19:40:00'),(539,388,87,'2019-01-10 18:40:00','2019-01-10 19:40:00'),(540,98,45,'2019-01-10 18:40:00','2019-01-10 19:40:00'),(541,316,41,'2019-01-10 18:40:00','2019-01-10 19:40:00'),(542,452,62,'2019-01-10 18:40:00','2019-01-10 19:40:00'),(543,415,132,'2019-01-10 18:40:00','2019-01-10 19:40:00'),(544,486,31,'2019-01-10 18:40:00','2019-01-10 19:40:00'),(545,300,186,'2019-01-10 18:40:00','2019-01-10 19:40:00'),(546,406,109,'2019-01-10 18:40:00','2019-01-10 19:40:00'),(547,536,91,'2019-01-10 18:40:00','2019-01-10 19:40:00'),(548,373,154,'2019-01-10 18:40:00','2019-01-10 19:40:00'),(549,381,163,'2019-01-10 18:40:00','2019-01-10 19:40:00'),(550,386,49,'2019-01-10 18:40:00','2019-01-10 19:40:00'),(551,291,71,'2019-01-10 18:40:00','2019-01-10 19:40:00'),(552,267,186,'2019-01-10 18:40:00','2019-01-10 19:40:00'),(553,108,91,'2019-01-10 18:40:00','2019-01-10 19:40:00'),(554,471,197,'2019-01-10 18:40:00','2019-01-10 19:40:00'),(555,83,78,'2019-01-10 18:40:00','2019-01-10 19:40:00'),(556,148,144,'2019-01-10 18:40:00','2019-01-10 19:40:00'),(557,303,171,'2019-01-10 18:40:00','2019-01-10 19:40:00'),(558,530,130,'2019-01-10 18:40:00','2019-01-10 19:40:00'),(559,340,74,'2019-01-10 18:40:00','2019-01-10 19:40:00'),(560,445,162,'2019-01-10 18:40:00','2019-01-10 19:40:00'),(561,105,31,'2019-01-10 18:40:00','2019-01-10 19:40:00'),(562,37,115,'2019-01-10 18:40:00','2019-01-10 19:40:00'),(563,181,82,'2019-01-10 18:40:00','2019-01-10 19:40:00'),(564,46,115,'2019-01-10 18:40:00','2019-01-10 19:40:00'),(565,483,154,'2019-01-10 18:40:00','2019-01-10 19:40:00'),(566,124,8,'2019-01-10 18:40:00','2019-01-10 19:40:00'),(567,513,114,'2019-01-10 18:40:00','2019-01-10 19:40:00'),(568,546,111,'2019-01-10 18:40:00','2019-01-10 19:40:00'),(569,414,160,'2019-01-10 18:40:00','2019-01-10 19:40:00'),(570,550,95,'2019-01-10 18:40:00','2019-01-10 19:40:00'),(571,422,136,'2019-01-10 18:40:00','2019-01-10 19:40:00'),(572,228,78,'2019-01-10 18:40:00','2019-01-10 19:40:00'),(573,75,176,'2019-01-10 18:40:00','2019-01-10 19:40:00'),(574,179,105,'2019-01-10 18:40:00','2019-01-10 19:40:00'),(575,246,90,'2019-01-10 18:40:00','2019-01-10 19:40:00'),(576,402,118,'2019-01-10 18:40:00','2019-01-10 19:40:00'),(577,557,158,'2019-01-10 18:40:00','2019-01-10 19:40:00'),(578,48,127,'2019-01-10 18:40:00','2019-01-10 19:40:00'),(579,153,44,'2019-01-10 18:40:00','2019-01-10 19:40:00'),(580,86,76,'2019-01-10 18:40:00','2019-01-10 19:40:00'),(581,332,12,'2019-01-10 18:40:00','2019-01-10 19:40:00'),(582,579,183,'2019-01-10 18:40:00','2019-01-10 19:40:00'),(583,142,178,'2019-01-10 18:40:00','2019-01-10 19:40:00'),(584,55,1,'2019-01-10 18:40:00','2019-01-10 19:40:00'),(585,234,137,'2019-01-10 18:40:00','2019-01-10 19:40:00'),(586,351,64,'2019-01-10 18:40:00','2019-01-10 19:40:00'),(587,204,98,'2019-01-10 18:40:00','2019-01-10 19:40:00'),(588,429,191,'2019-01-10 18:40:00','2019-01-10 19:40:00'),(589,272,12,'2019-01-10 18:40:00','2019-01-10 19:40:00'),(590,63,156,'2019-01-10 18:40:00','2019-01-10 19:40:00'),(591,84,103,'2019-01-10 18:40:00','2019-01-10 19:40:00'),(592,390,151,'2019-01-10 18:40:00','2019-01-10 19:40:00'),(593,186,16,'2019-01-10 18:40:00','2019-01-10 19:40:00'),(594,468,85,'2019-01-10 18:40:00','2019-01-10 19:40:00'),(595,336,75,'2019-01-10 18:40:00','2019-01-10 19:40:00'),(596,377,171,'2019-01-10 18:40:00','2019-01-10 19:40:00'),(597,109,135,'2019-01-10 18:40:00','2019-01-10 19:40:00'),(598,400,104,'2019-01-10 18:40:00','2019-01-10 19:40:00'),(599,387,18,'2019-01-10 18:40:00','2019-01-10 19:40:00'),(600,498,112,'2019-01-10 18:40:00','2019-01-10 19:40:00'),(601,553,73,'2019-01-10 18:40:00','2019-01-10 19:40:00'),(602,1,86,'2019-01-10 18:40:00',NULL),(603,2,100,'2019-01-10 18:40:00',NULL),(604,6,70,'2019-01-10 18:40:00',NULL),(605,10,24,'2019-01-10 18:40:00',NULL),(606,11,108,'2019-01-10 18:40:00',NULL),(607,18,14,'2019-01-10 18:40:00',NULL),(608,19,135,'2019-01-10 18:40:00',NULL),(609,20,185,'2019-01-10 18:40:00',NULL),(610,24,79,'2019-01-10 18:40:00',NULL),(611,25,101,'2019-01-10 18:40:00',NULL),(612,29,101,'2019-01-10 18:40:00',NULL),(613,51,89,'2019-01-10 18:40:00',NULL),(614,57,85,'2019-01-10 18:40:00',NULL),(615,58,176,'2019-01-10 18:40:00',NULL),(616,68,170,'2019-01-10 18:40:00',NULL),(617,69,140,'2019-01-10 18:40:00',NULL),(618,72,59,'2019-01-10 18:40:00',NULL),(619,85,143,'2019-01-10 18:40:00',NULL),(620,92,141,'2019-01-10 18:40:00',NULL),(621,97,3,'2019-01-10 18:40:00',NULL),(622,3,175,'2019-01-10 18:40:00',NULL),(623,4,59,'2019-01-10 18:40:00',NULL),(624,5,131,'2019-01-10 18:40:00',NULL),(625,7,122,'2019-01-10 18:40:00',NULL),(626,12,154,'2019-01-10 18:40:00',NULL),(627,13,130,'2019-01-10 18:40:00',NULL),(628,14,85,'2019-01-10 18:40:00',NULL),(629,21,32,'2019-01-10 18:40:00',NULL),(630,22,66,'2019-01-10 18:40:00',NULL),(631,23,22,'2019-01-10 18:40:00',NULL),(632,94,100,'2019-01-10 18:40:00',NULL),(633,95,98,'2019-01-10 18:40:00',NULL),(634,96,183,'2019-01-10 18:40:00',NULL),(635,98,21,'2019-01-10 18:40:00',NULL),(636,99,152,'2019-01-10 18:40:00',NULL),(637,100,39,'2019-01-10 18:40:00',NULL);
/*!40000 ALTER TABLE `rental` ENABLE KEYS */;
UNLOCK TABLES;

--
-- Table structure for table `user`
--

DROP TABLE IF EXISTS `user`;
/*!40101 SET @saved_cs_client     = @@character_set_client */;
 SET character_set_client = utf8mb4 ;
CREATE TABLE `user` (
  `user_id` int(11) NOT NULL AUTO_INCREMENT,
  `username` varchar(255) NOT NULL,
  `email` varchar(255) NOT NULL,
  `address` varchar(255) NOT NULL,
  `registration_date` timestamp NULL DEFAULT CURRENT_TIMESTAMP,
  `lastPayment_date` timestamp NULL DEFAULT CURRENT_TIMESTAMP,
  PRIMARY KEY (`user_id`)
) ENGINE=InnoDB AUTO_INCREMENT=201 DEFAULT CHARSET=utf8;
/*!40101 SET character_set_client = @saved_cs_client */;

--
-- Dumping data for table `user`
--

LOCK TABLES `user` WRITE;
/*!40000 ALTER TABLE `user` DISABLE KEYS */;
INSERT INTO `user` VALUES (1,'nagy abigel','nagyabigel@gmail.com','Budapest Petermann bíró utca 47','2019-01-10 18:40:00','2019-01-10 18:40:00'),(2,'kovacs adel','kovacsadel@freemail.hu','Budapest Károlyi Mihály utca 38','2019-01-10 18:40:00','2019-01-10 18:40:00'),(3,'toth adrienn','tothadrienn@elte.hu','Budapest Pesti Barnabás utca 28','2019-01-10 18:40:00','2019-01-10 18:40:00'),(4,'szabo alexa','szaboalexa@corvinus.hu','Budapest Roosevelt tér 61','2019-01-10 18:40:00','2019-01-10 18:40:00'),(5,'horvath alexandra','horvathalexandra@gov.hu','Budapest Erdélyi utca 79','2019-01-10 18:40:00','2019-01-10 18:40:00'),(6,'varga aliz','vargaaliz@elte.hu','Budapest II. János Pál pápa tér tér 74','2019-01-10 18:40:00','2019-01-10 18:40:00'),(7,'kiss amanda','kissamanda@elte.hu','Budapest Kissalétrom utca 10','2019-01-10 18:40:00','2019-01-10 18:40:00'),(8,'molnar amira','molnaramira@invitel.hu','Budapest Kisstáció utca 72','2019-01-10 18:40:00','2019-01-10 18:40:00'),(9,'nemeth anna','nemethanna@freemail.hu','Budapest Köztársaság tér 28','2019-01-10 18:40:00','2019-01-10 18:40:00'),(10,'farkas annabella','farkasannabella@elte.hu','Budapest Vagon tér 46','2019-01-10 18:40:00','2019-01-10 18:40:00'),(11,'balogh barbara','baloghbarbara@elte.hu','Budapest bibó istván park 25','2019-01-10 18:40:00','2019-01-10 18:40:00'),(12,'papp bella','pappbella@freemail.hu','Budapest emelkedő utca 22','2019-01-10 18:40:00','2019-01-10 18:40:00'),(13,'takacs bernadett','takacsbernadett@gmail.com','Budapest gyóni géza tér 28','2019-01-10 18:40:00','2019-01-10 18:40:00'),(14,'juhasz bianka','juhaszbianka@gmail.com','Budapest Kont vezér utca 52','2019-01-10 18:40:00','2019-01-10 18:40:00'),(15,'lakatos biborka','lakatosbiborka@gmail.com','Budapest Moszkva tér 84','2019-01-10 18:40:00','2019-01-10 18:40:00'),(16,'meszaros blanka','meszarosblanka@gmail.com','Budapest Moszkva tér 2','2019-01-10 18:40:00','2019-01-10 18:40:00'),(17,'olah boglarka','olahboglarka@corvinus.hu','Budapest bibó istván park 27','2019-01-10 18:40:00','2019-01-10 18:40:00'),(18,'simon borbala','simonborbala@corvinus.hu','Budapest emelkedő utca 30','2019-01-10 18:40:00','2019-01-10 18:40:00'),(19,'racz boroka','raczboroka@freemail.hu','Budapest gyóni géza tér 56','2019-01-10 18:40:00','2019-01-10 18:40:00'),(20,'fekete brigitta','feketebrigitta@corvinus.hu','Budapest Kont vezér utca 24','2019-01-10 18:40:00','2019-01-10 18:40:00'),(21,'szilagyi cintia','szilagyicintia@corvinus.hu','Budapest Moszkva tér 19','2019-01-10 18:40:00','2019-01-10 18:40:00'),(22,'torok csenge','torokcsenge@elte.hu','Budapest Dugovics Titusz tér 36','2019-01-10 18:40:00','2019-01-10 18:40:00'),(23,'feher dalma','feherdalma@elte.hu','Budapest Harsány lejtő 34','2019-01-10 18:40:00','2019-01-10 18:40:00'),(24,'balazs diana','balazsdiana@invitel.hu','Budapest Koltói Anna utca 45','2019-01-10 18:40:00','2019-01-10 18:40:00'),(25,'gal dora','galdora@freemail.hu','Budapest Nagybátonyi utca 26','2019-01-10 18:40:00','2019-01-10 18:40:00'),(26,'kis dorina','kisdorina@elte.hu','Budapest Ságvári Endre utca 15','2019-01-10 18:40:00','2019-01-10 18:40:00'),(27,'szucs dorka','szucsdorka@elte.hu','Budapest Szalmás Piroska utca 12','2019-01-10 18:40:00','2019-01-10 18:40:00'),(28,'kocsis dorottya','kocsisdorottya@freemail.hu','Budapest Erdélyi utca 52','2019-01-10 18:40:00','2019-01-10 18:40:00'),(29,'orsos dzsenifer','orsosdzsenifer@gmail.com','Budapest II. János Pál pápa tér tér 31','2019-01-10 18:40:00','2019-01-10 18:40:00'),(30,'pinter dzsesszika','pinterdzsesszika@gmail.com','Budapest Kissalétrom utca 39','2019-01-10 18:40:00','2019-01-10 18:40:00'),(31,'fodor eliza','fodoreliza@gmail.com','Budapest Báthory utca 61','2019-01-10 18:40:00','2019-01-10 18:40:00'),(32,'szalai elizabet','szalaielizabet@gmail.com','Budapest Bezerédj Pál utca 26','2019-01-10 18:40:00','2019-01-10 18:40:00'),(33,'sipos emese','siposemese@elte.hu','Budapest Wysocki utca 82','2019-01-10 18:40:00','2019-01-10 18:40:00'),(34,'magyar emili','magyaremili@elte.hu','Budapest Dalnoki Jenő utca 17','2019-01-10 18:40:00','2019-01-10 18:40:00'),(35,'lukacs emilia','lukacsemilia@invitel.hu','Budapest Kert köz 35','2019-01-10 18:40:00','2019-01-10 18:40:00'),(36,'gulyas emma','gulyasemma@elte.hu','Budapest Kis Rákos utca 55','2019-01-10 18:40:00','2019-01-10 18:40:00'),(37,'biro eniko','biroeniko@elte.hu','Budapest Lóvasút köz 10','2019-01-10 18:40:00','2019-01-10 18:40:00'),(38,'kiraly eszter','kiralyeszter@gmail.com','Budapest Páskom park 42','2019-01-10 18:40:00','2019-01-10 18:40:00'),(39,'laszlo evelin','laszloevelin@gmail.com','Budapest Régi Fóti út 54','2019-01-10 18:40:00','2019-01-10 18:40:00'),(40,'katona fanni','katonafanni@gmail.com','Budapest Sín utca 13','2019-01-10 18:40:00','2019-01-10 18:40:00'),(41,'jakab flora','jakabflora@gmail.com','Budapest Szent Korona útja 13','2019-01-10 18:40:00','2019-01-10 18:40:00'),(42,'bogdan fruzsina','bogdanfruzsina@elte.hu','Budapest Illyés Gyula utca 43','2019-01-10 18:40:00','2019-01-10 18:40:00'),(43,'balog gabriella','baloggabriella@elte.hu','Budapest Toldi sor 81','2019-01-10 18:40:00','2019-01-10 18:40:00'),(44,'sandor greta','sandorgreta@invitel.hu','Budapest Wass Albert tér 2','2019-01-10 18:40:00','2019-01-10 18:40:00'),(45,'boros hanga','boroshanga@freemail.hu','Budapest Tabódy Ida tér 25','2019-01-10 18:40:00','2019-01-10 18:40:00'),(46,'fazekas hanna','fazekashanna@corvinus.hu','Budapest Csömöri út 68','2019-01-10 18:40:00','2019-01-10 18:40:00'),(47,'kelemen hedi','kelemenhedi@corvinus.hu','Budapest Regele János utca 77','2019-01-10 18:40:00','2019-01-10 18:40:00'),(48,'varadi izabella','varadiizabella@invitel.hu','Budapest Levedi utca 69','2019-01-10 18:40:00','2019-01-10 18:40:00'),(49,'antal janka','antaljanka@elte.hu','Budapest Krenedits Sándor utca 64','2019-01-10 18:40:00','2019-01-10 18:40:00'),(50,'somogyi jazmin','somogyijazmin@elte.hu','Budapest Csősztorony utca 25','2019-01-10 18:40:00','2019-01-10 18:40:00'),(51,'orosz johanna','oroszjohanna@freemail.hu','Budapest Kósa Pál tér 42','2019-01-10 18:40:00','2019-01-10 18:40:00'),(52,'fulop julia','fulopjulia@elte.hu','Budapest Nagyszentmiklósi út 72','2019-01-10 18:40:00','2019-01-10 18:40:00'),(53,'veres julianna','veresjulianna@elte.hu','Budapest Kiss István utca 78','2019-01-10 18:40:00','2019-01-10 18:40:00'),(54,'vincze kamilla','vinczekamilla@corvinus.hu','Budapest Szurmay tábornok utca 10','2019-01-10 18:40:00','2019-01-10 18:40:00'),(55,'hegedus kata','hegeduskata@corvinus.hu','Budapest Orbán Balázs utca 44','2019-01-10 18:40:00','2019-01-10 18:40:00'),(56,'budai katalin','budaikatalin@freemail.hu','Budapest Borics Pál utca 23','2019-01-10 18:40:00','2019-01-10 18:40:00'),(57,'deak kiara','deakkiara@invitel.hu','Budapest Cziffra György utca 84','2019-01-10 18:40:00','2019-01-10 18:40:00'),(58,'pap kincso','papkincso@gmail.com','Budapest Görgey Artúr tér 66','2019-01-10 18:40:00','2019-01-10 18:40:00'),(59,'balint kinga','balintkinga@gmail.com','Budapest Mansfeld Péter utca 17','2019-01-10 18:40:00','2019-01-10 18:40:00'),(60,'pal kira','palkira@gmail.com','Budapest Kőrösi Sándor utca 36','2019-01-10 18:40:00','2019-01-10 18:40:00'),(61,'illes kira','illeskira@gmail.com','Budapest Zalka Máté utca 42','2019-01-10 18:40:00','2019-01-10 18:40:00'),(62,'vass kitti','vasskitti@elte.hu','Budapest Alsó kikötő sor 65','2019-01-10 18:40:00','2019-01-10 18:40:00'),(63,'szoke klaudia','szokeklaudia@elte.hu','Budapest Árboc utca 63','2019-01-10 18:40:00','2019-01-10 18:40:00'),(64,'voros krisztina','voroskrisztina@freemail.hu','Budapest Engels utca 77','2019-01-10 18:40:00','2019-01-10 18:40:00'),(65,'bognar lara','bognarlara@corvinus.hu','Budapest Fütőház köz 68','2019-01-10 18:40:00','2019-01-10 18:40:00'),(66,'fabian laura','fabianlaura@corvinus.hu','Budapest Kisdobos utca 21','2019-01-10 18:40:00','2019-01-10 18:40:00'),(67,'lengyel leila','lengyelleila@invitel.hu','Budapest Kis-szőlő utca 5','2019-01-10 18:40:00','2019-01-10 18:40:00'),(68,'bodnar lena','bodnarlena@freemail.hu','Budapest Pécsi utca 67','2019-01-10 18:40:00','2019-01-10 18:40:00'),(69,'szucs leticia','szucsleticia@corvinus.hu','Budapest Sinpár sor 29','2019-01-10 18:40:00','2019-01-10 18:40:00'),(70,'hajdu lia','hajdulia@corvinus.hu','Budapest Felszabadulás utca 51','2019-01-10 18:40:00','2019-01-10 18:40:00'),(71,'halasz lili','halaszlili@gov.hu','Budapest Gorkij utca 16','2019-01-10 18:40:00','2019-01-10 18:40:00'),(72,'jonas liliana','jonasliliana@gov.hu','Budapest Hámán Kató utca 37','2019-01-10 18:40:00','2019-01-10 18:40:00'),(73,'mate lilien','matelilien@freemail.hu','Budapest Mező Imre utca 19','2019-01-10 18:40:00','2019-01-10 18:40:00'),(74,'szekely lilla','szekelylilla@gmail.com','Budapest Partizán utca 40','2019-01-10 18:40:00','2019-01-10 18:40:00'),(75,'kozma linett','kozmalinett@gmail.com','Budapest Lenin utca 14','2019-01-10 18:40:00','2019-01-10 18:40:00'),(76,'gaspar livia','gasparlivia@gmail.com','Budapest Sallai Imre utca 41','2019-01-10 18:40:00','2019-01-10 18:40:00'),(77,'pasztor liza','pasztorliza@gmail.com','Budapest Felszabadulás utca 84','2019-01-10 18:40:00','2019-01-10 18:40:00'),(78,'bakos lotti','bakoslotti@freemail.hu','Budapest Felszabadulás utca 72','2019-01-10 18:40:00','2019-01-10 18:40:00'),(79,'dudas luca','dudasluca@elte.hu','Budapest Rózsa Ferenc utca 6','2019-01-10 18:40:00','2019-01-10 18:40:00'),(80,'major maja','majormaja@elte.hu','Budapest Fekete József utca 6','2019-01-10 18:40:00','2019-01-10 18:40:00'),(81,'orban maria','orbanmaria@corvinus.hu','Budapest Szabadság utca 79','2019-01-10 18:40:00','2019-01-10 18:40:00'),(82,'hegedus melinda','hegedusmelinda@corvinus.hu','Budapest Felszabadulás utca 67','2019-01-10 18:40:00','2019-01-10 18:40:00'),(83,'virag melissza','viragmelissza@freemail.hu','Budapest Kilián György utca 71','2019-01-10 18:40:00','2019-01-10 18:40:00'),(84,'barna mercedesz','barnamercedesz@freemail.hu','Budapest Szőlős utca 85','2019-01-10 18:40:00','2019-01-10 18:40:00'),(85,'novak mia','novakmia@freemail.hu','Budapest Árok utca 21','2019-01-10 18:40:00','2019-01-10 18:40:00'),(86,'soos mira','soosmira@gov.hu','Budapest Gát utca 37','2019-01-10 18:40:00','2019-01-10 18:40:00'),(87,'tamas mira','tamasmira@gov.hu','Budapest Mező utca 39','2019-01-10 18:40:00','2019-01-10 18:40:00'),(88,'nemes mirella','nemesmirella@gmail.com','Budapest Szállás utca 8','2019-01-10 18:40:00','2019-01-10 18:40:00'),(89,'pataki natalia','patakinatalia@gmail.com','Budapest Hegedűs utca 72','2019-01-10 18:40:00','2019-01-10 18:40:00'),(90,'balla natasa','ballanatasa@gmail.com','Budapest Mező utca 36','2019-01-10 18:40:00','2019-01-10 18:40:00'),(91,'farago nikolett','faragonikolett@gmail.com','Budapest Dombóvári út 79','2019-01-10 18:40:00','2019-01-10 18:40:00'),(92,'kerekes noemi','kerekesnoemi@freemail.hu','Budapest Károlyi utca 62','2019-01-10 18:40:00','2019-01-10 18:40:00'),(93,'borbely nora','borbelynora@elte.hu','Budapest Vásártér utca 79','2019-01-10 18:40:00','2019-01-10 18:40:00'),(94,'barta norina','bartanorina@elte.hu','Budapest Kikerics utca 68','2019-01-10 18:40:00','2019-01-10 18:40:00'),(95,'peter olivia','peterolivia@freemail.hu','Budapest Arany János utca 18','2019-01-10 18:40:00','2019-01-10 18:40:00'),(96,'szekeres orsolya','szekeresorsolya@corvinus.hu','Budapest Meggyes utca 70','2019-01-10 18:40:00','2019-01-10 18:40:00'),(97,'csonka panka','csonkapanka@corvinus.hu','Budapest Várszegi Alajos utca 22','2019-01-10 18:40:00','2019-01-10 18:40:00'),(98,'mezei panna','mezeipanna@gov.hu','Budapest Cseresznyesor utca 4','2019-01-10 18:40:00','2019-01-10 18:40:00'),(99,'marton patricia','martonpatricia@gov.hu','Budapest Gárdonyi Géza utca 16','2019-01-10 18:40:00','2019-01-10 18:40:00'),(100,'sarkozi petra','sarkozipetra@invitel.hu','Budapest Rét utca 69','2019-01-10 18:40:00','2019-01-10 18:40:00'),(101,'nagy zsolt','nagyzsolt@corvinus.hu','Budapest Kató utca 84','2019-01-10 18:40:00','2019-01-10 18:40:00'),(102,'kovacs zsigmond','kovacszsigmond@corvinus.hu','Budapest Éva utca 3','2019-01-10 18:40:00','2019-01-10 18:40:00'),(103,'toth zoltan','tothzoltan@gov.hu','Budapest Juhász Gyula utca 59','2019-01-10 18:40:00','2019-01-10 18:40:00'),(104,'szabo zeteny','szabozeteny@gov.hu','Budapest György utca 78','2019-01-10 18:40:00','2019-01-10 18:40:00'),(105,'horvath zente','horvathzente@invitel.hu','Budapest Szent István utca 33','2019-01-10 18:40:00','2019-01-10 18:40:00'),(106,'varga zeno','vargazeno@corvinus.hu','Budapest Ibolya utca 53','2019-01-10 18:40:00','2019-01-10 18:40:00'),(107,'kiss zalan','kisszalan@corvinus.hu','Budapest Sándor utca 75','2019-01-10 18:40:00','2019-01-10 18:40:00'),(108,'molnar vince','molnarvince@gmail.com','Budapest Hóvirág utca 35','2019-01-10 18:40:00','2019-01-10 18:40:00'),(109,'nemeth vilmos','nemethvilmos@gmail.com','Budapest Rózsa utca 30','2019-01-10 18:40:00','2019-01-10 18:40:00'),(110,'farkas viktor','farkasviktor@gmail.com','Budapest Szőlős utca 80','2019-01-10 18:40:00','2019-01-10 18:40:00'),(111,'balogh vencel','baloghvencel@gmail.com','Budapest Árok utca 59','2019-01-10 18:40:00','2019-01-10 18:40:00'),(112,'papp tibor','papptibor@elte.hu','Budapest Gát utca 60','2019-01-10 18:40:00','2019-01-10 18:40:00'),(113,'takacs tamas','takacstamas@elte.hu','Budapest Mező utca 78','2019-01-10 18:40:00','2019-01-10 18:40:00'),(114,'juhasz szilard','juhaszszilard@gov.hu','Budapest Szállás utca 37','2019-01-10 18:40:00','2019-01-10 18:40:00'),(115,'lakatos szebasztian','lakatosszebasztian@gov.hu','Budapest Hegedűs utca 20','2019-01-10 18:40:00','2019-01-10 18:40:00'),(116,'meszaros szabolcs','meszarosszabolcs@gmail.com','Budapest Mező utca 27','2019-01-10 18:40:00','2019-01-10 18:40:00'),(117,'olah soma','olahsoma@gmail.com','Budapest Dombóvári út 31','2019-01-10 18:40:00','2019-01-10 18:40:00'),(118,'simon simon','simonsimon@gmail.com','Budapest Károlyi utca 55','2019-01-10 18:40:00','2019-01-10 18:40:00'),(119,'racz sebestyen','raczsebestyen@gmail.com','Budapest Vásártér utca 41','2019-01-10 18:40:00','2019-01-10 18:40:00'),(120,'fekete sandor','feketesandor@gov.hu','Budapest Kikerics utca 57','2019-01-10 18:40:00','2019-01-10 18:40:00'),(121,'szilagyi samuel','szilagyisamuel@gov.hu','Budapest Arany János utca 5','2019-01-10 18:40:00','2019-01-10 18:40:00'),(122,'torok roland','torokroland@invitel.hu','Budapest Meggyes utca 5','2019-01-10 18:40:00','2019-01-10 18:40:00'),(123,'feher robert','feherrobert@gmail.com','Budapest Várszegi Alajos utca 1','2019-01-10 18:40:00','2019-01-10 18:40:00'),(124,'balazs rikardo','balazsrikardo@gmail.com','Budapest Cseresznyesor utca 56','2019-01-10 18:40:00','2019-01-10 18:40:00'),(125,'gal richard','galrichard@gmail.com','Budapest Gárdonyi Géza utca 47','2019-01-10 18:40:00','2019-01-10 18:40:00'),(126,'kis peter','kispeter@gmail.com','Budapest Rét utca 57','2019-01-10 18:40:00','2019-01-10 18:40:00'),(127,'szucs patrik','szucspatrik@elte.hu','Budapest Kató utca 25','2019-01-10 18:40:00','2019-01-10 18:40:00'),(128,'kocsis pal','kocsispal@elte.hu','Budapest Éva utca 66','2019-01-10 18:40:00','2019-01-10 18:40:00'),(129,'orsos oliver','orsosoliver@corvinus.hu','Budapest Juhász Gyula utca 73','2019-01-10 18:40:00','2019-01-10 18:40:00'),(130,'pinter norbert','pinternorbert@corvinus.hu','Budapest György utca 43','2019-01-10 18:40:00','2019-01-10 18:40:00'),(131,'fodor nolen','fodornolen@invitel.hu','Budapest Szent István utca 59','2019-01-10 18:40:00','2019-01-10 18:40:00'),(132,'szalai noel','szalainoel@elte.hu','Budapest Ibolya utca 52','2019-01-10 18:40:00','2019-01-10 18:40:00'),(133,'sipos nimrod','siposnimrod@elte.hu','Budapest Sándor utca 57','2019-01-10 18:40:00','2019-01-10 18:40:00'),(134,'magyar nikolasz','magyarnikolasz@gmail.com','Budapest Hóvirág utca 41','2019-01-10 18:40:00','2019-01-10 18:40:00'),(135,'lukacs nandor','lukacsnandor@gmail.com','Budapest Rózsa utca 63','2019-01-10 18:40:00','2019-01-10 18:40:00'),(136,'gulyas milan','gulyasmilan@gmail.com','Budapest Hóvirág utca 75','2019-01-10 18:40:00','2019-01-10 18:40:00'),(137,'biro miklos','biromiklos@gmail.com','Budapest Bajuszfű utca 52','2019-01-10 18:40:00','2019-01-10 18:40:00'),(138,'kiraly mihaly','kiralymihaly@gov.hu','Budapest Báthory István utca 26','2019-01-10 18:40:00','2019-01-10 18:40:00'),(139,'laszlo matyas','laszlomatyas@gov.hu','Budapest Bíbic utca 55','2019-01-10 18:40:00','2019-01-10 18:40:00'),(140,'katona mate','katonamate@corvinus.hu','Budapest Borona köz 19','2019-01-10 18:40:00','2019-01-10 18:40:00'),(141,'jakab marton','jakabmarton@corvinus.hu','Budapest Gladiólusz utca 69','2019-01-10 18:40:00','2019-01-10 18:40:00'),(142,'bogdan martin','bogdanmartin@gmail.com','Budapest Körmöci utca 56','2019-01-10 18:40:00','2019-01-10 18:40:00'),(143,'balog marko','balogmarko@gmail.com','Budapest Körönd tér 11','2019-01-10 18:40:00','2019-01-10 18:40:00'),(144,'sandor mark','sandormark@gmail.com','Budapest Körös utca 77','2019-01-10 18:40:00','2019-01-10 18:40:00'),(145,'boros marcell','borosmarcell@gmail.com','Budapest Otelló utca 38','2019-01-10 18:40:00','2019-01-10 18:40:00'),(146,'fazekas lorinc','fazekaslorinc@gov.hu','Budapest Sárvíz utca 14','2019-01-10 18:40:00','2019-01-10 18:40:00'),(147,'kelemen lorant','kelemenlorant@gov.hu','Budapest Simító utca 19','2019-01-10 18:40:00','2019-01-10 18:40:00'),(148,'varadi levente','varadilevente@invitel.hu','Budapest Szendrői utca 12','2019-01-10 18:40:00','2019-01-10 18:40:00'),(149,'antal laszlo','antallaszlo@gmail.com','Budapest Vihorláti utca 18','2019-01-10 18:40:00','2019-01-10 18:40:00'),(150,'somogyi lajos','somogyilajos@gmail.com','Budapest Szent Flórián tér 74','2019-01-10 18:40:00','2019-01-10 18:40:00'),(151,'orosz krisztofer','oroszkrisztofer@gmail.com','Budapest Öreghegy dűlő 60','2019-01-10 18:40:00','2019-01-10 18:40:00'),(152,'fulop krisztian','fulopkrisztian@gmail.com','Budapest Varga rektor utca 61','2019-01-10 18:40:00','2019-01-10 18:40:00'),(153,'veres kristof','vereskristof@elte.hu','Budapest Nimród utca 66','2019-01-10 18:40:00','2019-01-10 18:40:00'),(154,'vincze kornel','vinczekornel@elte.hu','Budapest Csodaszarvas utca 68','2019-01-10 18:40:00','2019-01-10 18:40:00'),(155,'hegedus koppany','hegeduskoppany@invitel.hu','Budapest Mészöly László utca 71','2019-01-10 18:40:00','2019-01-10 18:40:00'),(156,'budai kolos','budaikolos@gmail.com','Budapest Uray Géza út 66','2019-01-10 18:40:00','2019-01-10 18:40:00'),(157,'deak kevin','deakkevin@gmail.com','Budapest Hunor utca 3','2019-01-10 18:40:00','2019-01-10 18:40:00'),(158,'pap kende','papkende@gmail.com','Budapest Magor utca 33','2019-01-10 18:40:00','2019-01-10 18:40:00'),(159,'balint karoly','balintkaroly@gmail.com','Budapest Csillagvölgyi utca 27','2019-01-10 18:40:00','2019-01-10 18:40:00'),(160,'pal jozsef','paljozsef@gov.hu','Budapest Vasútsor utca 34','2019-01-10 18:40:00','2019-01-10 18:40:00'),(161,'illes janos','illesjanos@gov.hu','Budapest Diófa utca 82','2019-01-10 18:40:00','2019-01-10 18:40:00'),(162,'vass ivan','vassivan@invitel.hu','Budapest Benedek Elek utca 29','2019-01-10 18:40:00','2019-01-10 18:40:00'),(163,'szoke istvan','szokeistvan@gmail.com','Budapest Györgyhegy utca 38','2019-01-10 18:40:00','2019-01-10 18:40:00'),(164,'voros imre','vorosimre@gmail.com','Budapest Györgyliget utca 51','2019-01-10 18:40:00','2019-01-10 18:40:00'),(165,'bognar hunor','bognarhunor@gmail.com','Budapest Őszapó köz 43','2019-01-10 18:40:00','2019-01-10 18:40:00'),(166,'fabian huba','fabianhuba@gmail.com','Budapest Nagy-Homoród utca 80','2019-01-10 18:40:00','2019-01-10 18:40:00'),(167,'lengyel gyorgy','lengyelgyorgy@corvinus.hu','Budapest Fő tér 31','2019-01-10 18:40:00','2019-01-10 18:40:00'),(168,'bodnar gyula','bodnargyula@corvinus.hu','Budapest Napraforgó utca 2','2019-01-10 18:40:00','2019-01-10 18:40:00'),(169,'szucs gergo','szucsgergo@gov.hu','Budapest Millennium sor 44','2019-01-10 18:40:00','2019-01-10 18:40:00'),(170,'hajdu gergely','hajdugergely@gov.hu','Budapest Farkasfalvi Imre utca 2','2019-01-10 18:40:00','2019-01-10 18:40:00'),(171,'halasz gellert','halaszgellert@elte.hu','Budapest Foktövi János utca 15','2019-01-10 18:40:00','2019-01-10 18:40:00'),(172,'jonas gabor','jonasgabor@elte.hu','Budapest Katalin puszta dűlő 76','2019-01-10 18:40:00','2019-01-10 18:40:00'),(173,'mate florian','mateflorian@gmail.com','Budapest Kép János utca 29','2019-01-10 18:40:00','2019-01-10 18:40:00'),(174,'szekely ferenc','szekelyferenc@gmail.com','Budapest Kertvárosi út 59','2019-01-10 18:40:00','2019-01-10 18:40:00'),(175,'kozma felix','kozmafelix@gmail.com','Budapest Krakó köz 15','2019-01-10 18:40:00','2019-01-10 18:40:00'),(176,'gaspar erik','gasparerik@gmail.com','Budapest Kukorica út 41','2019-01-10 18:40:00','2019-01-10 18:40:00'),(177,'pasztor dorian','pasztordorian@gov.hu','Budapest MÁV telep utca 36','2019-01-10 18:40:00','2019-01-10 18:40:00'),(178,'bakos donat','bakosdonat@gov.hu','Budapest Pálffy Miklós utca 55','2019-01-10 18:40:00','2019-01-10 18:40:00'),(179,'dudas domonkos','dudasdomonkos@gmail.com','Budapest Szent-Györgyi Albert utca 82','2019-01-10 18:40:00','2019-01-10 18:40:00'),(180,'major dominik','majordominik@gmail.com','Budapest Vár lépcső 38','2019-01-10 18:40:00','2019-01-10 18:40:00'),(181,'orban denisz','orbandenisz@gmail.com','Budapest Vetési Pál utca 41','2019-01-10 18:40:00','2019-01-10 18:40:00'),(182,'hegedus denes','hegedusdenes@gmail.com','Budapest Kálvin János utca 21','2019-01-10 18:40:00','2019-01-10 18:40:00'),(183,'virag david','viragdavid@corvinus.hu','Budapest Agárdy Gábor utca 40','2019-01-10 18:40:00','2019-01-10 18:40:00'),(184,'barna daniel','barnadaniel@corvinus.hu','Budapest Apponyi Franciska utca 10','2019-01-10 18:40:00','2019-01-10 18:40:00'),(185,'novak csongor','novakcsongor@gmail.com','Budapest Balavásár utca 84','2019-01-10 18:40:00','2019-01-10 18:40:00'),(186,'soos csanad','sooscsanad@gmail.com','Budapest Alberti Béla utca 29','2019-01-10 18:40:00','2019-01-10 18:40:00'),(187,'tamas csaba','tamascsaba@gmail.com','Budapest Wass Albert utca 63','2019-01-10 18:40:00','2019-01-10 18:40:00'),(188,'nemes bulcsu','nemesbulcsu@gmail.com','Budapest Eőri Barna utca 81','2019-01-10 18:40:00','2019-01-10 18:40:00'),(189,'pataki brendon','patakibrendon@elte.hu','Budapest Kund Pál utca 32','2019-01-10 18:40:00','2019-01-10 18:40:00'),(190,'balla brajen','ballabrajen@elte.hu','Budapest Sipos Pál tér 23','2019-01-10 18:40:00','2019-01-10 18:40:00'),(191,'farago botond','faragobotond@gmail.com','Budapest Agárdi Gábor utca 59','2019-01-10 18:40:00','2019-01-10 18:40:00'),(192,'kerekes boldizsar','kerekesboldizsar@gmail.com','Budapest Mindszenty József utca 8','2019-01-10 18:40:00','2019-01-10 18:40:00'),(193,'borbely bertalan','borbelybertalan@gmail.com','Budapest Szent Imre utca 16','2019-01-10 18:40:00','2019-01-10 18:40:00'),(194,'barta benjamin','bartabenjamin@gmail.com','Budapest Ybl Miklós utca 18','2019-01-10 18:40:00','2019-01-10 18:40:00'),(195,'peter benjamin','peterbenjamin@invitel.hu','Budapest Nagy László utca 42','2019-01-10 18:40:00','2019-01-10 18:40:00'),(196,'szekeres benett','szekeresbenett@invitel.hu','Budapest Móricz Zsigmond köz 29','2019-01-10 18:40:00','2019-01-10 18:40:00'),(197,'csonka benedek','csonkabenedek@gmail.com','Budapest Temető köz 79','2019-01-10 18:40:00','2019-01-10 18:40:00'),(198,'mezei bendeguz','mezeibendeguz@gmail.com','Budapest Siklaki-hegy utca 8','2019-01-10 18:40:00','2019-01-10 18:40:00'),(199,'marton bende','martonbende@gmail.com','Budapest Ősz utca 76','2019-01-10 18:40:00','2019-01-10 18:40:00'),(200,'sarkozi bence','sarkozibence@gmail.com','Budapest Ybl Miklós utca 20','2019-01-10 18:40:00','2019-01-10 18:40:00');
/*!40000 ALTER TABLE `user` ENABLE KEYS */;
UNLOCK TABLES;
/*!40103 SET TIME_ZONE=@OLD_TIME_ZONE */;

/*!40101 SET SQL_MODE=@OLD_SQL_MODE */;
/*!40014 SET FOREIGN_KEY_CHECKS=@OLD_FOREIGN_KEY_CHECKS */;
/*!40014 SET UNIQUE_CHECKS=@OLD_UNIQUE_CHECKS */;
/*!40101 SET CHARACTER_SET_CLIENT=@OLD_CHARACTER_SET_CLIENT */;
/*!40101 SET CHARACTER_SET_RESULTS=@OLD_CHARACTER_SET_RESULTS */;
/*!40101 SET COLLATION_CONNECTION=@OLD_COLLATION_CONNECTION */;
/*!40111 SET SQL_NOTES=@OLD_SQL_NOTES */;

-- Dump completed on 2019-01-11  9:28:42
